-- phpMyAdmin SQL Dump
-- version 5.0.2
-- https://www.phpmyadmin.net/
--
-- Máy chủ: 127.0.0.1
-- Thời gian đã tạo: Th3 31, 2021 lúc 02:41 AM
-- Phiên bản máy phục vụ: 10.4.11-MariaDB
-- Phiên bản PHP: 7.4.5

SET SQL_MODE = "NO_AUTO_VALUE_ON_ZERO";
START TRANSACTION;
SET time_zone = "+00:00";


/*!40101 SET @OLD_CHARACTER_SET_CLIENT=@@CHARACTER_SET_CLIENT */;
/*!40101 SET @OLD_CHARACTER_SET_RESULTS=@@CHARACTER_SET_RESULTS */;
/*!40101 SET @OLD_COLLATION_CONNECTION=@@COLLATION_CONNECTION */;
/*!40101 SET NAMES utf8mb4 */;

--
-- Cơ sở dữ liệu: `mydata`
--

-- --------------------------------------------------------

--
-- Cấu trúc bảng cho bảng `categories`
--

CREATE TABLE `categories` (
  `id` int(11) NOT NULL,
  `parent_id` int(11) NOT NULL,
  `name` varchar(500) NOT NULL,
  `icon` varchar(500) NOT NULL,
  `hienthitrangchu` int(11) NOT NULL DEFAULT 0
) ENGINE=InnoDB DEFAULT CHARSET=utf8;

--
-- Đang đổ dữ liệu cho bảng `categories`
--

INSERT INTO `categories` (`id`, `parent_id`, `name`, `icon`, `hienthitrangchu`) VALUES
(1, 0, 'Áo', 'blouse-1-1.png', 0),
(2, 0, 'Quần', 'trousers-1.png', 0),
(3, 0, 'Đầm', 'dress-2.png', 0),
(4, 0, 'Váy', 'skirt-1-1.png', 0),
(5, 0, 'Giày', 'boot-1-1.png', 1),
(6, 0, 'Phụ kiện', 'phukien.png', 1);

-- --------------------------------------------------------

--
-- Cấu trúc bảng cho bảng `customers`
--

CREATE TABLE `customers` (
  `id` int(11) NOT NULL,
  `name` varchar(500) NOT NULL,
  `email` varchar(500) NOT NULL,
  `address` varchar(500) NOT NULL,
  `phone` varchar(500) NOT NULL,
  `password` varchar(500) NOT NULL
) ENGINE=InnoDB DEFAULT CHARSET=utf8;

--
-- Đang đổ dữ liệu cho bảng `customers`
--

INSERT INTO `customers` (`id`, `name`, `email`, `address`, `phone`, `password`) VALUES
(1, 'Nguyễn Văn A', 'nva@gmail.com', 'Hà Nội', '123456', '202cb962ac59075b964b07152d234b70'),
(2, 'test', 'test@gmail.com', 'Hà Nội', '123456', '202cb962ac59075b964b07152d234b70'),
(3, 'Nguyễn Văn E@', 'nve@gmail.com', 'Hà Nội', '123456', '202cb962ac59075b964b07152d234b70'),
(0, 'Nguyễn Văn B', 'nvb@gmail.com', 'Hà nội', '123', '202cb962ac59075b964b07152d234b70');

-- --------------------------------------------------------

--
-- Cấu trúc bảng cho bảng `news`
--

CREATE TABLE `news` (
  `id` int(11) NOT NULL,
  `name` varchar(500) NOT NULL,
  `description` varchar(4000) NOT NULL,
  `content` text NOT NULL,
  `hot` int(11) NOT NULL DEFAULT 0,
  `photo` varchar(500) NOT NULL
) ENGINE=InnoDB DEFAULT CHARSET=utf8;

--
-- Đang đổ dữ liệu cho bảng `news`
--

INSERT INTO `news` (`id`, `name`, `description`, `content`, `hot`, `photo`) VALUES
(6, '8 XU HƯỚNG THỐNG LĨNH “SÂN CHƠI” THỜI TRANG PHÁI ĐẸP NĂM 2020', '<p>Năm 2020 được xem l&agrave; năm nhiều biến động nhất trong lịch sử nền thời trang to&agrave;n cầu. Ảnh hưởng của đại dịch COVID-19 khiến c&aacute;c nh&agrave; mốt xa xỉ phải thay đổi lịch tr&igrave;nh show diễn cũng như ra mắt BST mới th&ocirc;ng qua nền tảng số. C&ugrave;ng Đẹp Online điểm lại những xu hướng thời trang nổi bật của năm 2020!</p>\r\n', '<p><strong>Năm 2020: Thời đại của những chiếc khẩu trang v&agrave; mũ che mặt trong địa hạt thời trang</strong></p>\r\n\r\n<p>Ở nhiều nước phương T&acirc;y, việc sử dụng khẩu trang ở đời sống thường nhật dường như qu&aacute; đỗi xa lạ v&agrave; c&oacute; phần lập dị. Tuy nhi&ecirc;n, giữa l&uacute;c mọi người đang phải sống c&ugrave;ng đại dịch, đ&acirc;y cũng l&agrave; l&uacute;c chiếc khẩu trang v&agrave; mũ che mặt trở th&agrave;nh những phụ kiện thời trang &ldquo;bất ly th&acirc;n&rdquo; của mỗi người.</p>\r\n\r\n<p><img alt=\"tong ket xu huong thoi trang 2020 - 5\" src=\"https://dep.com.vn/wp-content/uploads/2020/12/tong-ket-xu-huong-thoi-trang-2020-5.jpg\" style=\"height:450px; width:800px\" /></p>\r\n\r\n<p>BST Richard Quinn Thu Đ&ocirc;ng 2019, BST Thom Browne Xu&acirc;n H&egrave; 2019 v&agrave; BST Maison Margiela Thu Đ&ocirc;ng 2018.</p>\r\n\r\n<p>Sự xuất hiện của những chiếc khẩu trang v&agrave; mũ che mặt tr&ecirc;n s&agrave;n diễn thời trang năm 2020 kh&ocirc;ng phải l&agrave; lần đầu. C&aacute;c nh&agrave; mốt danh tiếng cũng từng kết hợp c&aacute;c m&oacute;n đồ n&agrave;y c&ugrave;ng c&aacute;c thiết kế của m&igrave;nh từ những m&ugrave;a ra mắt BST trước như BST Richard Quinn Thu Đ&ocirc;ng 2019, BST Thom Browne Xu&acirc;n H&egrave; 2019&hellip; . V&agrave; năm 2020 n&agrave;y, chiếc khẩu trang v&agrave; mũ che mặt vẫn tiếp tục l&agrave; nguồn cảm hứng s&aacute;ng tạo của c&aacute;c nh&agrave; thiết kế cho c&aacute;c BST 2021. Từ Marine Serre, Christian Siriano cho đến Rick Owens, Balmain, khẩu trang hơn cả một m&oacute;n đồ bảo vệ sức khỏe m&agrave; c&ograve;n l&agrave; một m&oacute;n phụ kiện tuyệt vời d&agrave;nh cho c&aacute;c t&iacute;n đồ thời trang.</p>\r\n\r\n<p><img alt=\"tong ket xu huong thoi trang 2020 - 7\" src=\"https://dep.com.vn/wp-content/uploads/2020/12/tong-ket-xu-huong-thoi-trang-2020-7.jpg\" style=\"height:450px; width:800px\" /></p>\r\n\r\n<p>BST Marine Serre, Rick Owens v&agrave; Christian Siriano Xu&acirc;n H&egrave; 2021.</p>\r\n\r\n<p><strong>Kh&ocirc;ng phải sắc xanh cổ điển m&agrave; t&iacute;m lilac mới ch&iacute;nh l&agrave; sắc m&agrave;u chủ đạo trong thiết kế thời trang năm 2020</strong></p>\r\n\r\n<p>Sau khi Pantone c&ocirc;ng bố sắc xanh cổ điển l&agrave; m&agrave;u đại diện cho năm 2020, ngay lập tức gam m&agrave;u lạnh tươi m&aacute;t n&agrave;y nhanh ch&oacute;ng chiếm lĩnh s&agrave;n diễn thời trang. Nhưng xuy&ecirc;n suốt hai m&ugrave;a mốt ch&iacute;nh của năm, t&ocirc;ng m&agrave;u t&iacute;m, đặc biệt l&agrave; t&igrave;m lilac mới ch&iacute;nh l&agrave; gam m&agrave;u chủ đạo theo ch&acirc;n ph&aacute;i đẹp đến với những bản phối thời thượng nhất. C&aacute;c nh&agrave; thiết kế đ&atilde; thổi v&agrave;o gam m&agrave;u n&agrave;y sự ph&aacute; c&aacute;ch từ sự đa dạng trong chất liệu vải khiến cho c&aacute;c m&oacute;n đồ thời trang m&agrave;u t&iacute;m kh&ocirc;ng chỉ h&uacute;t mắt m&agrave; c&ograve;n t&ocirc;n l&ecirc;n vẻ đẹp của người phụ nữ. Hơn hết, sắc t&iacute;m vẫn sẽ tiếp tục l&agrave; gam m&agrave;u hứa hẹn mang đến cho ph&aacute;i đẹp vẻ đẹp vừa nữ t&iacute;nh vừa ki&ecirc;u sa cho năm 2021.</p>\r\n\r\n<p><img alt=\"tong ket xu huong thoi trang 2020 - 8\" src=\"https://dep.com.vn/wp-content/uploads/2020/12/tong-ket-xu-huong-thoi-trang-2020-8.jpg\" style=\"height:450px; width:800px\" /></p>\r\n\r\n<p>BST Bottega Veneta Resort 2021, BST Couture Balmain Thu Đ&ocirc;ng 2020 v&agrave; BST Jacquemus Thu Đ&ocirc;ng 2020.</p>\r\n\r\n<p><strong>Sự l&ecirc;n ng&ocirc;i của c&aacute;c thiết kế tạo phồng</strong></p>\r\n\r\n<p>Một trong những điểm nhấn nổi bật nhất trong nền thời trang năm 2020 c&oacute; thể kể đến c&aacute;c thiết kế tạo phồng. Từ những chiếc &aacute;o tạo phồng ở phần tay cho đến những mẫu đầm phồng tr&ecirc;n nền chất liệu v&agrave; họa tiết đầy m&ecirc; hoặc khiến giới mộ điệu kh&ocirc;ng khỏi xu&yacute;t xoa.</p>\r\n\r\n<p><img alt=\"tong ket xu huong thoi trang 2020 - 3\" src=\"https://dep.com.vn/wp-content/uploads/2020/12/tong-ket-xu-huong-thoi-trang-2020-3.jpg\" style=\"height:450px; width:800px\" /></p>\r\n\r\n<p>BST Fendi, Alexander McQueen v&agrave; JW Anderson Thu Đ&ocirc;ng 2020.</p>\r\n\r\n<p><strong>Trang phục vải tweed t&ocirc;n vẻ đẹp qu&yacute; ph&aacute;i, gợi cảm của ph&aacute;i đẹp</strong></p>\r\n\r\n<p>Tweed &ndash; chất liệu vải mang đậm dấu ấn của vua ch&uacute;a v&agrave; tầng lớp qu&yacute; tộc từ thế kỷ 19 &ndash; kh&ocirc;ng chỉ được c&aacute;c nh&agrave; mốt đương đại cải tiến trong c&aacute;c m&ugrave;a ra mắt BST mới với mu&ocirc;n v&agrave;n thiết kế v&ocirc; c&ugrave;ng ấn tượng m&agrave; n&oacute; c&ograve;n l&agrave; chất liệu thể hiện đẳng cấp thời thượng của những người phụ nữ hiện đại. V&agrave; năm 2020 n&agrave;y, c&aacute;c bộ trang phục l&agrave;m bằng vải tweed được c&aacute;c ng&ocirc;i sao v&agrave; fashionista đ&igrave;nh đ&aacute;m thế giới lăng x&ecirc; hết mực.</p>\r\n\r\n<p><img alt=\"tong ket xu huong thoi trang 2020 - 9\" src=\"https://dep.com.vn/wp-content/uploads/2020/12/tong-ket-xu-huong-thoi-trang-2020-9.jpg\" style=\"height:450px; width:800px\" /></p>\r\n\r\n<p>BST Prada Thu Đ&ocirc;ng 2020, BST Chanel Thu Đ&ocirc;ng 2020 v&agrave; BST Balmain Chớm Thu 2020.</p>\r\n\r\n<p><strong>Mu&ocirc;n kiểu biến tấu &aacute;o cardigan từ c&aacute;c nh&agrave; mốt xa xỉ</strong></p>\r\n\r\n<p>&Aacute;o kho&aacute;c cardigan dường như kh&ocirc;ng c&ograve;n l&agrave; m&oacute;n đồ qu&aacute; xa lạ với giới mộ điệu bởi m&oacute;n đồ casual n&agrave;y lu&ocirc;n nằm trong &ldquo;top list&rdquo; phối đồ thường nhật của c&aacute;c n&agrave;ng. Ấn tượng hơn cả, &aacute;o cardigan giờ đ&acirc;y xuất hiện với những thiết kế v&ocirc; c&ugrave;ng bắt mắt từ những nh&agrave; mốt xa xỉ tr&ecirc;n nền chất liệu len đan, dệt kim hoặc len phối l&ocirc;ng độc đ&aacute;o.</p>\r\n\r\n<p><img alt=\"tong ket xu huong thoi trang 2020 - 4\" src=\"https://dep.com.vn/wp-content/uploads/2020/12/tong-ket-xu-huong-thoi-trang-2020-4.jpg\" style=\"height:450px; width:800px\" /></p>\r\n\r\n<p>BST Celine, Chanel Xu&acirc;n H&egrave; 2020 v&agrave; BST Gucci Thu Đ&ocirc;ng 2020.</p>\r\n\r\n<p><strong>Họa tiết sọc caro: Vẻ đẹp ki&ecirc;u kỳ của người phụ nữ đương đại</strong></p>\r\n\r\n<p>Họa tiết kẻ sọc caro lu&ocirc;n hiện hữu trong thời trang ph&aacute;i đẹp từ nhiều thập kỷ qua nhưng năm 2020 đ&atilde; đ&aacute;nh dấu sự trở lại đầy ngoạn mục của thứ họa tiết cổ điển n&agrave;y. Họa tiết sọc caro được chia th&agrave;nh nhiều loại như window pane, tartan, gingham&hellip; S&acirc;n chơi thời trang ph&aacute;i đẹp đ&atilde; phần n&agrave;o ph&oacute;ng kho&aacute;ng, năng động hơn nhưng vẻ đẹp cổ điển, thanh lịch từ họa tiết sọc caro vẫn được c&aacute;c c&ocirc; n&agrave;ng chuộng mốt hết mực y&ecirc;u th&iacute;ch.</p>\r\n\r\n<p><img alt=\"tong ket xu huong thoi trang 2020 - 10\" src=\"https://dep.com.vn/wp-content/uploads/2020/12/tong-ket-xu-huong-thoi-trang-2020-10.jpg\" style=\"height:450px; width:800px\" /></p>\r\n\r\n<p>BST Miu Miu Chớm Thu 2020, BST Saint Laurent, Christian Dior v&agrave; Gucci Thu Đ&ocirc;ng 2020.</p>\r\n\r\n<p><strong>Neo-tailoring: H&igrave;nh h&agrave;i đầy ph&oacute;ng kho&aacute;ng của d&ograve;ng may đo tương lai</strong></p>\r\n\r\n<p>Cơn sốt streetwear thịnh h&agrave;nh kh&ocirc;ng chỉ thay đổi định hướng thời trang của nam giới m&agrave; c&ograve;n phủ s&oacute;ng sự ph&oacute;ng kho&aacute;ng, năng động ấy v&agrave;o l&atilde;nh địa thời trang ph&aacute;i đẹp đương đại. Thay v&igrave; c&aacute;c thiết kế may đo c&oacute; cấu tr&uacute;c thanh lịch như trước đ&acirc;y, c&aacute;c nh&agrave; mốt đ&atilde; mang đến những mẫu thiết kế pha trộn giữa tinh thần vị lai v&agrave; kỹ thuật may đo cổ điển để tạo n&ecirc;n xu hướng thời trang tương lai &ndash; neo-tailoring. C&aacute;c bộ trang phục theo xu hướng n&agrave;y kh&ocirc;ng c&ograve;n tu&acirc;n theo những chuẩn mực may đo cũ m&agrave; ph&aacute; c&aacute;ch với những đường may t&aacute;o bạo, ph&oacute;ng kho&aacute;ng hơn nhưng vẫn giữ được vẻ đẹp sang trọng vốn c&oacute; của d&ograve;ng may đo cao cấp.</p>\r\n\r\n<p><img alt=\"tong ket xu huong thoi trang 2020 - 11\" src=\"https://dep.com.vn/wp-content/uploads/2020/12/tong-ket-xu-huong-thoi-trang-2020-11.jpg\" style=\"height:450px; width:800px\" /></p>\r\n\r\n<p>BST Balmain Xu&acirc;n H&egrave; 2020, BST Herm&egrave;s Thu Đ&ocirc;ng 2020 v&agrave; BST Chloe Thu Đ&ocirc;ng 2020.</p>\r\n\r\n<p><strong>Menswear: Xu hướng thời trang kh&ocirc;ng bao giờ lỗi mốt của ph&aacute;i đẹp</strong></p>\r\n\r\n<p>C&aacute;c thiết kế đồ mang phong c&aacute;ch menswear mạnh mẽ, c&aacute; t&iacute;nh lu&ocirc;n xuất hiện trong c&aacute;c m&ugrave;a ra mắt BST mới của c&aacute;c ng&ocirc;i nh&agrave; thời trang xa xỉ. Nếu như chiếc đầm đen (little black dress) được biết đến như m&oacute;n &ldquo;bảo bối&rdquo; dịu d&agrave;ng, nữ t&iacute;nh t&ocirc;n vinh vẻ đẹp duy&ecirc;n d&aacute;ng của người phụ nữ th&igrave; trang phục menswear c&oacute; cấu tr&uacute;c l&agrave; tuy&ecirc;n ng&ocirc;n uy quyền của ph&aacute;i đẹp.</p>\r\n\r\n<p><img alt=\"tong ket xu huong thoi trang 2020 - 1\" src=\"https://dep.com.vn/wp-content/uploads/2020/12/tong-ket-xu-huong-thoi-trang-2020-1.jpg\" style=\"height:450px; width:800px\" /></p>\r\n\r\n<p>C&aacute;c bộ trang phục nằm trong BST Alexander McQueen, Gucci, Marc Jacobs v&agrave; Dries van Noten Xu&acirc;n H&egrave; 2020.</p>\r\n', 1, '16158851458-xu-huong.JPG'),
(7, '365 NGÀY TỎA SÁNG CÙNG 6 PHONG CÁCH PHỐI ÁO HOODIE VÔ CÙNG ĐỎM DÁNG CHO CÁC NÀNG', '<p>Vẻ đẹp vừa ph&oacute;ng kho&aacute;ng vừa trẻ trung của những chiếc &aacute;o hoodie lu&ocirc;n chiều chuộng niềm đam m&ecirc; l&agrave;m đẹp của bao c&ocirc; n&agrave;ng s&agrave;nh điệu. V&agrave; đ&acirc;y cũng l&agrave; một trong những m&oacute;n đồ thời trang đường phố tuyệt vời nhất để chơi đ&ugrave;a c&ugrave;ng phong c&aacute;ch trong mọi thời điểm trong năm.</p>\r\n', '<p><strong>Normcore</strong></p>\r\n\r\n<p>C&oacute; thể thấy, normcore l&agrave; phong c&aacute;ch tuy kh&ocirc;ng đ&ograve;i hỏi qu&aacute; nhiều kỹ năng mix &amp; match trang phục nhưng ch&iacute;nh sự đơn giản ấy đ&atilde; đưa normcore trở th&agrave;nh một trong những xu hướng thời trang thịnh h&agrave;nh trong ph&aacute;i đẹp hiện nay. C&aacute;c t&iacute;n đồ của xu hướng thời trang đường phố cũng kh&oacute; l&ograve;ng bỏ qua những bản phối đồ normcore c&ugrave;ng &aacute;o hoodie v&ocirc; c&ugrave;ng thời thượng n&agrave;y. Tuy vậy, vẫn c&ograve;n nhiều c&ocirc; n&agrave;ng e ngại về độ d&agrave;y của &aacute;o khiến m&oacute;n đồ n&agrave;y chỉ n&ecirc;n mặc v&agrave;o tiết trời m&aacute;t mẻ hoặc se lạnh m&ugrave;a Thu Đ&ocirc;ng. Tr&ecirc;n thực tế, c&aacute;c nh&agrave; mốt từ tầm trung đến xa xỉ đ&atilde; cho ra mắt mu&ocirc;n v&agrave;n thiết kế &aacute;o hoodie tr&ecirc;n nền chất liệu đa dạng sao cho ph&ugrave; hợp với từng m&ugrave;a nhất.</p>\r\n\r\n<p><img alt=\"phoi do voi ao hoodie - 1\" src=\"https://dep.com.vn/wp-content/uploads/2021/01/phoi-do-voi-ao-hoodie-1.jpg\" style=\"height:450px; width:800px\" /></p>\r\n\r\n<p>Để tạo n&ecirc;n một diện mạo đẹp c&ugrave;ng &aacute;o hoodie theo phong c&aacute;ch normcore, c&aacute;c n&agrave;ng c&oacute; thể chọn phối ngẫu nhi&ecirc;n với c&aacute;c kiểu &aacute;o kho&aacute;c ngo&agrave;i như &aacute;o b&oacute;ng ch&agrave;y, &aacute;o d&aacute;ng d&agrave;i&hellip; cho phần nửa tr&ecirc;n v&agrave; một chiếc quần với phom d&aacute;ng rộng r&atilde;i như quần culottes, quần mom jeans (hoặc ripped jeans)&hellip; cho phần nửa dưới. Cuối c&ugrave;ng, h&atilde;y kết th&uacute;c set đồ bằng một đ&ocirc;i gi&agrave;y sneakers (hoặc chunky sneakers) y&ecirc;u th&iacute;ch trong tủ đồ của m&igrave;nh.</p>\r\n\r\n<p><strong>Phong c&aacute;ch giấu quần</strong></p>\r\n\r\n<p>Phong c&aacute;ch giấu quần cũng l&agrave; một trong những xu hướng phối trang phục hiện được c&aacute;c ng&ocirc;i sao v&agrave; fashionista đ&igrave;nh đ&aacute;m thế giới y&ecirc;u chuộng. Với một chiếc &aacute;o hoodie phom d&aacute;ng oversize, c&aacute;c n&agrave;ng đ&atilde; c&oacute; thể thỏa sức sải bước qua những con phố. Để tăng vẻ đẹp y&ecirc;u kiều nhưng cũng kh&ocirc;ng k&eacute;m phần c&aacute; t&iacute;nh, ph&aacute;i đẹp c&oacute; thể điểm xuyết ở phần eo bằng một chiếc thắt lưng hoặc chọn c&aacute;c kiểu tất d&agrave;i tạo điểm nhấn nh&aacute; nổi bật.</p>\r\n\r\n<p><img alt=\"phoi do voi ao hoodie - 3\" src=\"https://dep.com.vn/wp-content/uploads/2021/01/phoi-do-voi-ao-hoodie-3.jpg\" style=\"height:450px; width:800px\" /></p>\r\n\r\n<p><strong>Ametora</strong></p>\r\n\r\n<p>Nhắc đến Ametora (thuật ngữ được viết tắt từ &ldquo;American Traditional&rdquo;) thường nhắc đến những bản phối layering được cộng hưởng từ kỹ thuật phối đồ mang đậm dấu ấn &ldquo;preppy&rdquo; Nhật Bản (hay phong c&aacute;ch Ivy League) h&ograve;a c&ugrave;ng tinh thần thời trang đầy c&aacute; t&iacute;nh v&agrave; kh&aacute;c biệt của T&acirc;y phương. Ch&iacute;nh v&igrave; thế, c&aacute;c bản phối Ametora lu&ocirc;n được giới mộ điệu &ldquo;săn đ&oacute;n&rdquo; bởi sự dung h&ograve;a th&uacute; vị n&agrave;y.</p>\r\n\r\n<p><img alt=\"phoi do voi ao hoodie - 2\" src=\"https://dep.com.vn/wp-content/uploads/2021/01/phoi-do-voi-ao-hoodie-2.jpg\" style=\"height:450px; width:800px\" /></p>\r\n\r\n<p>Yếu tố l&agrave;m n&ecirc;n một phong c&aacute;ch Ametora thật đỏm d&aacute;ng ch&iacute;nh l&agrave; layer. Ametora kh&ocirc;ng c&ograve;n g&oacute;i gọn trong &aacute;o kho&aacute;c b&oacute;ng ch&agrave;y, bomber, quần chinos&hellip; m&agrave; c&ograve;n l&agrave; sự kết hợp với c&aacute;c m&oacute;n đồ denim, trang phục thể thao hay thậm ch&iacute; l&agrave; đồ phong c&aacute;ch Punk đầy t&aacute;o bạo.</p>\r\n\r\n<p><strong>Casual</strong></p>\r\n\r\n<p>C&oacute; thể n&oacute;i, phong c&aacute;ch casual ch&iacute;nh l&agrave; bản phối l&yacute; tưởng nhất với &aacute;o hoodie. C&aacute;c qu&yacute; c&ocirc; c&oacute; thể tự tin thể hiện gu thẩm mỹ thời trang kh&aacute;c biệt của m&igrave;nh với những m&oacute;n đồ quen thuộc c&oacute; trong tủ đồ. Từ c&aacute;c kiểu d&aacute;ng ch&acirc;n v&aacute;y, đầm nữ t&iacute;nh cho đến quần jeans r&aacute;ch, &aacute;o kho&aacute;c biker c&aacute; t&iacute;nh, tất cả đều tạo n&ecirc;n một chỉnh thể chỉn chu, trẻ trung v&agrave; v&ocirc; c&ugrave;ng năng động cho c&aacute;c n&agrave;ng. Đừng qu&ecirc;n chọn những m&oacute;n phụ kiện đi k&egrave;m như mũ lưỡi trai (mũ beanie, mũ bucket), t&uacute;i x&aacute;ch v&agrave; mắt k&iacute;nh để c&oacute; một set đồ ootd h&uacute;t mắt.</p>\r\n\r\n<p><img alt=\"phoi do voi ao hoodie - 4\" src=\"https://dep.com.vn/wp-content/uploads/2021/01/phoi-do-voi-ao-hoodie-4.jpg\" style=\"height:450px; width:800px\" /></p>\r\n\r\n<p><strong>Athleisure</strong></p>\r\n\r\n<p>D&agrave;nh ri&ecirc;ng cho những c&ocirc; n&agrave;ng năng động, y&ecirc;u th&iacute;ch sự thoải m&aacute;i, phong c&aacute;ch Athleisure kh&ocirc;ng chỉ đơn thuần l&agrave; sự kết hợp của những m&oacute;n đồ thời trang mang đậm tinh thần thể thao m&agrave; c&ograve;n l&agrave; c&aacute;ch thể hiện c&aacute; t&iacute;nh thời trang độc đ&aacute;o của ph&aacute;i đẹp. V&agrave; đ&acirc;y cũng l&agrave; một trong những phong c&aacute;ch theo ch&acirc;n c&aacute;c n&agrave;ng xuy&ecirc;n suốt c&aacute;c m&ugrave;a mốt trong năm. Những m&oacute;n đồ như &aacute;o hoodie, quần trackpants, leggings&hellip; khi kết hợp c&ugrave;ng c&aacute;c m&oacute;n đồ casual hoặc smart-casual như &aacute;o kho&aacute;c bomber, trenchcoat, manteau&hellip; sẽ gi&uacute;p c&aacute;c n&agrave;ng n&acirc;ng tầm phong c&aacute;ch Athleisure của m&igrave;nh.</p>\r\n\r\n<p><img alt=\"phoi do voi ao hoodie - 5\" src=\"https://dep.com.vn/wp-content/uploads/2021/01/phoi-do-voi-ao-hoodie-5.jpg\" style=\"height:450px; width:800px\" /></p>\r\n\r\n<p><strong>Smart-casual</strong></p>\r\n\r\n<p>Những tưởng chiếc &aacute;o hoodie mang đậm dấu ấn đường phố sẽ kh&ocirc;ng thể n&agrave;o l&agrave;m to&aacute;t l&ecirc;n vẻ thanh lịch, trang nh&atilde; của smart-casual thường thấy. Nhưng trong thời đại m&agrave; c&aacute;c cuộc c&aacute;ch t&acirc;n thời trang dần phủ sắc địa hạt thời trang với mu&ocirc;n v&agrave;n h&igrave;nh th&aacute;i mới lạ cho những m&oacute;n đồ v&agrave; phong c&aacute;ch qu&aacute; đỗi xưa cũ, th&igrave; khoảng c&aacute;ch giữa trang phục may đo thanh lịch v&agrave; đồ streetwear thịnh h&agrave;nh dần được x&oacute;a nh&ograve;a. Sự h&ograve;a hợp độc đ&aacute;o n&agrave;y cũng được c&aacute;c nh&agrave; mốt danh tiếng như Dior, Louis Vuitton&hellip; hết mực lăng x&ecirc; thời gian qua. Để tạo n&ecirc;n một set đồ smart-casual đỏm d&aacute;ng c&ugrave;ng &aacute;o hoodie, c&aacute;c qu&yacute; c&ocirc; c&oacute; thể phối c&ugrave;ng suit hoặc blazer đi c&ugrave;ng ch&acirc;n v&aacute;y v&agrave; kết th&uacute;c bằng một đ&ocirc;i gi&agrave;y trainers (hoặc gi&agrave;y cao g&oacute;t).</p>\r\n\r\n<p><img alt=\"phoi do voi ao hoodie - 6\" src=\"https://dep.com.vn/wp-content/uploads/2021/01/phoi-do-voi-ao-hoodie-6.jpg\" style=\"height:450px; width:800px\" /></p>\r\n', 1, '1615884999ao-hoodi.JPG'),
(8, '“ĐỔI MÓN” VỚI 6 KIỂU QUẦN TÔN DÁNG CHO CÁC TÍN ĐỒ MẶC ĐẸP', '<p>Kh&ocirc;ng thể phủ nhận quần skinny jeans được xem l&agrave; m&oacute;n &ldquo;vũ kh&iacute;&rdquo; t&ocirc;n d&aacute;ng cực hiệu quả của c&aacute;c n&agrave;ng v&igrave; dễ d&agrave;ng tương th&iacute;ch với nhiều phong c&aacute;ch. Tuy nhi&ecirc;n, c&aacute;c n&agrave;ng c&ograve;n c&oacute; thể &ldquo;đổi m&oacute;n&rdquo; bằng 6 kiểu quần kh&aacute;c cũng &ldquo;lợi hại&rdquo; kh&ocirc;ng k&eacute;m, cho phong c&aacute;ch th&ecirc;m đa dạng v&agrave; nổi bật.</p>\r\n', '<p><strong>Quần culottes: Nhẹ nh&agrave;ng, nữ t&iacute;nh v&agrave; hết mực trẻ trung</strong></p>\r\n\r\n<p>Những chiếc quần culottes được thiết kế với phần ống rộng r&atilde;i, d&agrave;i đến giữa ống ch&acirc;n mang lại một vẻ ngo&agrave;i trẻ trung, năng động cho người mặc. Đ&acirc;y l&agrave; m&oacute;n đồ ho&agrave;n hảo nhất cho c&aacute;c c&ocirc; n&agrave;ng thỏa sức s&aacute;ng tạo phong c&aacute;ch v&agrave;o những ng&agrave;y trời hanh kh&ocirc;, nắng n&oacute;ng. Từ normcore, boho-chic đến preppy-chic, smart-casual, tất cả sẽ gi&uacute;p ph&aacute;i đẹp tạo n&ecirc;n những bản phối thời thượng nhất từ những m&oacute;n đồ c&oacute; sẵn trong tủ đồ của m&igrave;nh.</p>\r\n\r\n<p><img alt=\"6 kieu quan thay the skinny jeans - 1\" src=\"https://dep.com.vn/wp-content/uploads/2021/01/6-kieu-quan-thay-the-skinny-jeans-1.jpg\" style=\"height:450px; width:800px\" /></p>\r\n\r\n<p><strong>365 ng&agrave;y mặc đẹp c&ugrave;ng quần mom jeans</strong></p>\r\n\r\n<p>Quần mom jeans l&agrave; một trong những kiểu quần bằng chất liệu denim được nhiều fashionista đ&igrave;nh đ&aacute;m ưa chuộng nhất nhờ vẻ đẹp vừa c&aacute; t&iacute;nh vừa mạnh mẽ của n&oacute;. Kh&ocirc;ng những thế, mom jeans c&ograve;n l&agrave; một trong những m&oacute;n đồ v&ocirc; c&ugrave;ng linh hoạt khi n&oacute; c&oacute; thể d&ugrave;ng để phối đồ cho cả năm.</p>\r\n\r\n<p>V&agrave;o những ng&agrave;y trời hanh kh&ocirc;, nắng n&oacute;ng như ở miền Nam, sự kết hợp giữa mom jeans c&ugrave;ng c&aacute;c kiểu d&aacute;ng &aacute;o croptop, &aacute;o ph&ocirc;ng hay c&aacute;c kiểu d&aacute;ng &aacute;o l&agrave;m bằng chất liệu mỏng nhẹ như linen, cotton l&agrave; sự lựa chọn kh&ocirc;ng thể ho&agrave;n hảo hơn. Đối với những c&ocirc; n&agrave;ng ở c&aacute;c tỉnh miền Bắc, tiết trời c&oacute; thể dần se lạnh v&agrave;o những ng&agrave;y cuối năm th&igrave; những bản phối layering c&ugrave;ng quần mom jeans sẽ l&agrave;m t&ocirc;n l&ecirc;n v&oacute;c d&aacute;ng c&aacute;c n&agrave;ng. Đặc biệt, đừng qu&ecirc;n tạo điểm nhấn cho set đồ của m&igrave;nh bằng những m&oacute;n đồ c&oacute; họa tiết v&agrave; phụ kiện thời trang nh&eacute;!</p>\r\n\r\n<p><img alt=\"6 kieu quan thay the skinny jeans - 2\" src=\"https://dep.com.vn/wp-content/uploads/2021/01/6-kieu-quan-thay-the-skinny-jeans-2.jpg\" style=\"height:450px; width:800px\" /></p>\r\n\r\n<p><strong>Sự trở lại với mu&ocirc;n v&agrave;n biến tấu mới lạ của quần ống flare</strong></p>\r\n\r\n<p>Mấy ai ngờ rằng chiếc quần ống flare d&agrave;nh ri&ecirc;ng cho hải qu&acirc;n Mỹ từ đầu thế kỷ 19 lại trở th&agrave;nh một trong những m&oacute;n đồ thời trang kh&ocirc;ng thể thiếu trong tủ đồ của ph&aacute;i đẹp ng&agrave;y nay. Nếu như v&agrave;o thời điểm những năm 1960 &ndash; thời ho&agrave;ng kim của quần ống flare, giới mộ điệu y&ecirc;u th&iacute;ch kiểu quần n&agrave;y nhờ thiết kế lạ mắt, s&agrave;nh điệu th&igrave; ng&agrave;y nay, sự trở lại của kiểu quần retro n&agrave;y được c&aacute;c nh&agrave; thiết kế biến tấu kh&aacute;c biệt để ph&ugrave; hợp với nhiều phong c&aacute;ch kh&aacute;c nhau, từ streetwear đến urban-chic, cho ph&aacute;i đẹp thỏa sức thể hiện gu thẩm mỹ của m&igrave;nh.</p>\r\n\r\n<p><img alt=\"6 kieu quan thay the skinny jeans - 3\" src=\"https://dep.com.vn/wp-content/uploads/2021/01/6-kieu-quan-thay-the-skinny-jeans-3.jpg\" style=\"height:450px; width:800px\" /></p>\r\n\r\n<p><strong>H&oacute;a qu&yacute; c&ocirc; urban-chic c&ugrave;ng những bản phối với quần Palazzo</strong></p>\r\n\r\n<p>T&ecirc;n gọi của quần Palazzo xuất ph&aacute;t từ thuật ngữ &ldquo;cung điện&rdquo; trong tiếng &Yacute;. Vẻ đẹp h&agrave;o nho&aacute;ng, sang trọng từ những cung điện uy nghi, lộng lẫy ch&iacute;nh l&agrave; nguồn cảm hứng cho c&aacute;c nh&agrave; thiết kế để cho ra đời kiểu d&aacute;ng quần ống rộng v&ocirc; c&ugrave;ng thời thượng n&agrave;y. V&agrave;o những năm 1980, sự trỗi dậy mạnh mẽ của quần skinny jeans khiến cho quần Palazzo kh&ocirc;ng c&ograve;n chỗ đứng trong nền thời trang. M&atilde;i đến những năm 1990, sự ph&aacute;t triển của văn h&oacute;a hip-hop một lần nữa mang c&aacute;c kiểu quần ống rộng, trong đ&oacute; c&oacute; quần Palazzo trở lại. Trải qua bao thăng trầm, chiếc quần Palazzo đ&atilde; thật sự trở th&agrave;nh một trong những m&oacute;n đồ thể hiện đẳng cấp thời thượng của bao c&ocirc; n&agrave;ng chuộng mốt ng&agrave;y nay. Bởi n&oacute; kh&ocirc;ng c&ograve;n đơn thuần mang đậm vẻ ngạo nghễ của văn h&oacute;a hip-hop hay hippie ph&oacute;ng kho&aacute;ng m&agrave; thay bằng sự thanh lịch từ phong c&aacute;ch urban-chic.</p>\r\n\r\n<p><img alt=\"6 kieu quan thay the skinny jeans - 4\" src=\"https://dep.com.vn/wp-content/uploads/2021/01/6-kieu-quan-thay-the-skinny-jeans-4.jpg\" style=\"height:450px; width:800px\" /></p>\r\n\r\n<p><strong>Thu h&uacute;t &aacute;nh nh&igrave;n c&ugrave;ng quần b&oacute;p ống (Pegged pants)</strong></p>\r\n\r\n<p>C&aacute;c thiết kế quần b&oacute;p ống (pegged pants) vẫn tiếp tục l&agrave; một trong những &ldquo;hot items&rdquo; của năm 2021. Với thiết kế lưng cao, ống quần &ocirc;m dần ở phần gấu quần gi&uacute;p t&ocirc;n l&ecirc;n v&oacute;c d&aacute;ng gợi cảm của c&aacute;c n&agrave;ng. Đặc biệt, nhờ v&agrave;o sự linh hoạt của quần b&oacute;p ống m&agrave; c&aacute;c đẹp c&oacute; thể diện theo nhiều phong c&aacute;ch kh&aacute;c nhau. V&agrave; thậm ch&iacute; l&agrave; m&oacute;n đồ tuyệt vời để mặc đến c&ocirc;ng sở.</p>\r\n\r\n<p><img alt=\"6 kieu quan thay the skinny jeans - 5\" src=\"https://dep.com.vn/wp-content/uploads/2021/01/6-kieu-quan-thay-the-skinny-jeans-5.jpg\" style=\"height:450px; width:800px\" /></p>\r\n\r\n<p><strong>Quần track pants: Đơn giản nhưng hết mực s&agrave;nh điệu</strong></p>\r\n\r\n<p>Cuối c&ugrave;ng, chiếc quần track pants thường thấy trong c&aacute;c set đồ tập luyện thể thao l&agrave; m&oacute;n đồ tuyệt vời để thay mới phong c&aacute;ch cho ph&aacute;i đẹp. Đ&acirc;y l&agrave; kiểu quần c&oacute; thể biến h&oacute;a c&aacute;c kiểu phong c&aacute;ch năng động, trẻ trung v&agrave; dẫn đầu xu hướng như sporty-chic, athleisure hay thậm ch&iacute; l&agrave; normcore. V&agrave;o những ng&agrave;y trời oi bức, c&aacute;c n&agrave;ng c&oacute; thể phối quần track pants với &aacute;o hoodie (hoặc &aacute;o chui cổ, &aacute;o ph&ocirc;ng, croptop&hellip;) bằng chất liệu mỏng, th&ocirc;ng tho&aacute;ng. C&ograve;n những ng&agrave;y se lạnh sẽ l&agrave; sự l&ecirc;n ng&ocirc;i của những bản phối layer c&ugrave;ng c&aacute;c kiểu d&aacute;ng &aacute;o kho&aacute;c như bomber (parka, denim, &aacute;o chần b&ocirc;ng&hellip;).</p>\r\n\r\n<p><img alt=\"6 kieu quan thay the skinny jeans - 6\" src=\"https://dep.com.vn/wp-content/uploads/2021/01/6-kieu-quan-thay-the-skinny-jeans-6.jpg\" style=\"height:450px; width:800px\" /></p>\r\n', 1, '1615884883kieu-quan-ton-giang.JPG'),
(9, 'MUÔN KIỂU MẶC ĐẸP VỚI CÁC GAM MÀU ĐEM LẠI SỰ MAY MẮN CHO 12 CUNG HOÀNG ĐẠO TRONG NĂM 2021', '<p><strong>B&ecirc;n cạnh chất liệu v&agrave; họa tiết th&igrave; sự phối hợp m&agrave;u sắc lu&ocirc;n l&agrave; điểm nhấn thể hiện gu thẩm mỹ thời trang kh&aacute;c biệt của c&aacute;c n&agrave;ng. Trước thềm Tết Nguy&ecirc;n đ&aacute;n v&agrave; những bữa tiệc cuối năm đang đến gần, việc lựa chọn v&agrave; kết hợp m&agrave;u sắc trang phục l&agrave;m sao cho ph&ugrave; hợp với sở th&iacute;ch, đồng thời mang lại ph&uacute;c l&agrave;nh cho năm mới l&agrave; điều c&ocirc; n&agrave;ng chuộng mốt n&agrave;o cũng quan t&acirc;m. Dưới đ&acirc;y l&agrave; những gợi &yacute; phối đồ c&ugrave;ng những m&agrave;u sắc may mắn d&agrave;nh cho 12 cung ho&agrave;ng đạo kh&ocirc;ng thể bỏ lỡ trong năm mới.</strong></p>\r\n', '<p><strong>Bạch Dương (21/3 &ndash; 20/4)</strong></p>\r\n\r\n<p>Năm 2021 n&agrave;y, cung Bạch Dương được sao Hỏa chiếu mệnh. Ch&iacute;nh v&igrave; thế, những set đồ mang sắc th&aacute;i m&agrave;u đỏ gi&uacute;p bạn lu&ocirc;n tỏa s&aacute;ng v&agrave; mang lại sự may mắn tr&agrave;n đầy trong năm mới. Đặc biệt, sắc đỏ c&ograve;n l&agrave; hiện th&acirc;n của niềm ki&ecirc;u h&atilde;nh, vẻ đẹp quyến rũ đầy m&ecirc; hoặc của ph&aacute;i đẹp. Cũng v&igrave; l&yacute; do đ&oacute; m&agrave; m&agrave;u đỏ lu&ocirc;n l&agrave; m&agrave;u được c&aacute;c nh&agrave; mốt danh tiếng lăng x&ecirc; trong c&aacute;c m&ugrave;a ra mắt BST thời trang của họ. Nếu bạn kh&ocirc;ng phải l&agrave; một c&ocirc; g&aacute;i chuộng m&agrave;u đỏ th&igrave; trang phục m&agrave;u trắng hoặc v&agrave;ng sẽ l&agrave; lời gợi &yacute; tuyệt vời để c&oacute; thể thỏa sức biến tấu trang phục th&ecirc;m phần mới lạ.</p>\r\n\r\n<p><img alt=\"mau may man cho 12 cung hoang dao 2021 - 1\" src=\"https://dep.com.vn/wp-content/uploads/2021/01/mau-may-man-cho-12-cung-hoang-dao-2021-1.jpg\" style=\"height:450px; width:800px\" /></p>\r\n\r\n<p>BST Lanvin Xu&acirc;n H&egrave; 2021, BST Off-White Resort 2021 v&agrave; BST Prada Xu&acirc;n H&egrave; 2021</p>\r\n\r\n<p><strong>Kim Ngưu (21/4 -21/5)</strong></p>\r\n\r\n<p>Trắng v&agrave; hồng l&agrave; hai m&agrave;u tượng trưng cho sự thanh khiết v&agrave; nữ t&iacute;nh, ch&uacute;ng lu&ocirc;n được c&aacute;c n&agrave;ng ưa chuộng trong c&aacute;c m&ugrave;a mốt qua. Sức h&uacute;t từ hai gam m&agrave;u v&ocirc; c&ugrave;ng trẻ trung n&agrave;y sẽ gi&uacute;p ph&aacute;i đẹp to&aacute;t l&ecirc;n vẻ ki&ecirc;u kỳ ẩn giấu trong nội t&acirc;m, đồng thời c&ograve;n l&agrave; m&agrave;u mang đến sự may mắn cho cung Kim Ngưu trong năm nay. B&ecirc;n cạnh đ&oacute;, c&aacute;c bản phối trang phục m&agrave;u xanh l&aacute; cũng mang lại nhiều điểm nhấn mới lạ cho tủ đồ của cung Kim Ngưu.</p>\r\n\r\n<p><img alt=\"mau may man cho 12 cung hoang dao 2021 - 2\" src=\"https://dep.com.vn/wp-content/uploads/2021/01/mau-may-man-cho-12-cung-hoang-dao-2021-2.jpg\" style=\"height:450px; width:800px\" /></p>\r\n\r\n<p>BST Jacquemus Xu&acirc;n H&egrave; 2021, BST Miu Miu Resort 2021 v&agrave; BST Valentino Resort 2021</p>\r\n\r\n<p><strong>Song Tử (22/5 &ndash; 21/6)</strong></p>\r\n\r\n<p>Sao Thủy sẽ chiếu mệnh cho c&aacute;c c&ocirc; n&agrave;ng cung Song Tử trong năm nay. N&eacute;t hiền h&ograve;a nhưng kh&oacute; đo&aacute;n của Song Tử cần được t&ocirc; điểm bởi sắc v&agrave;ng v&agrave; xanh l&aacute;. Mang biểu tượng của sự thịnh vượng v&agrave; th&agrave;nh đạt, đ&acirc;y l&agrave; hai t&ocirc;ng m&agrave;u được c&aacute;c thương hiệu thời trang h&agrave;ng đầu ưu &aacute;i. Do đ&oacute;, ph&aacute;i đẹp c&oacute; thể dễ d&agrave;ng t&igrave;m cho m&igrave;nh những set đồ thể hiện đ&uacute;ng c&aacute; t&iacute;nh thời trang cũng như sự may mắn trong năm mới. Ngo&agrave;i ra, c&ocirc;ng thức phối đồ c&ugrave;ng gam m&agrave;u hồng v&agrave; trắng cũng mang đến cho ph&aacute;i đẹp nhiều vận may trong năm nay.</p>\r\n\r\n<p><img alt=\"mau may man cho 12 cung hoang dao 2021 - 3\" src=\"https://dep.com.vn/wp-content/uploads/2021/01/mau-may-man-cho-12-cung-hoang-dao-2021-3.jpg\" style=\"height:450px; width:800px\" /></p>\r\n\r\n<p>BST Elie Saab Pre-Fall 2021, BST Bottega Veneta Resort 2021 v&agrave; BST Tom Ford Xu&acirc;n H&egrave; 2021</p>\r\n\r\n<p><strong>Cự Giải (22/6 &ndash; 22/7)</strong></p>\r\n\r\n<p>Những bộ trang phục m&agrave;u đỏ v&agrave; v&agrave;ng chanh sẽ mang đến cho c&aacute;c n&agrave;ng nhiều điều may. Năm nay, vị thủ lĩnh của cung Cự Giải l&agrave; Mặt Trăng. Do đ&oacute;, những mẫu đầm m&agrave;u trắng, kem, bạc sẽ gi&uacute;p c&aacute;c n&agrave;ng chinh phục mọi &aacute;nh nh&igrave;n, trở th&agrave;nh t&acirc;m điểm ch&uacute; &yacute; tại bất kỳ sự kiện n&agrave;o. Tuy đ&acirc;y l&agrave; ba gam m&agrave;u đ&atilde; qu&aacute; đỗi quen thuộc với c&aacute;c c&ocirc; n&agrave;ng chuộng mốt trong nhiều năm qua, nhưng những thiết kế mang c&aacute;c t&ocirc;ng m&agrave;u n&agrave;y lu&ocirc;n t&ocirc;n l&ecirc;n vẻ đẹp v&ocirc; c&ugrave;ng cuốn h&uacute;t, sang trọng v&agrave; cực kỳ tinh tế của c&aacute;c n&agrave;ng.&nbsp;</p>\r\n\r\n<p><img alt=\"mau may man cho 12 cung hoang dao 2021 - 4\" src=\"https://dep.com.vn/wp-content/uploads/2021/01/mau-may-man-cho-12-cung-hoang-dao-2021-4.jpg\" style=\"height:450px; width:800px\" /></p>\r\n\r\n<p>BST Michael Kors Xu&acirc;n H&egrave; 2021, BST Alexander McQueen Resort 2021 v&agrave; BST Max Mara Xu&acirc;n H&egrave; 2021</p>\r\n\r\n<p><strong>Sư Tử (23/7 &ndash; 21/8)</strong></p>\r\n\r\n<p>Mặt Trời sẽ chiếu mệnh cho c&aacute;c n&agrave;ng cung Sư Tử trong năm 2021, v&igrave; thế những g&igrave; li&ecirc;n quan đến Mặt Trời, &aacute;nh s&aacute;ng v&agrave; ngọn lửa đều mang lại kết quả như &yacute; cho h&agrave;nh tr&igrave;nh sắp tới. H&atilde;y l&agrave;m mới tủ đồ của cung Sư Tử với c&aacute;c m&oacute;n đồ thời trang c&oacute; m&agrave;u cam, v&agrave;ng v&agrave; đỏ. Sắc cam rực rỡ v&agrave; tỏa s&aacute;ng lu&ocirc;n l&agrave; lựa chọn của c&aacute;c t&iacute;n đồ thời trang nhờ sự trẻ trung, tươi tắn nhưng kh&ocirc;ng k&eacute;m phần quyến rũ. Ri&ecirc;ng v&agrave;ng v&agrave; đỏ th&igrave; lại ẩn chứa vẻ huyền b&iacute; đầy m&ecirc; hoặc, vừa quyến rũ vừa mạnh mẽ.</p>\r\n\r\n<p><img alt=\"mau may man cho 12 cung hoang dao 2021 - 5\" src=\"https://dep.com.vn/wp-content/uploads/2021/01/mau-may-man-cho-12-cung-hoang-dao-2021-5.jpg\" style=\"height:450px; width:800px\" /></p>\r\n\r\n<p>BST Burberry Xu&acirc;n H&egrave; 2021, BST Givenchy Pre-fall 2021 v&agrave; BST Dolce &amp; Gabbana Xu&acirc;n H&egrave; 2021</p>\r\n\r\n<p><strong>Xử Nữ (22/8 &ndash; 23/9)</strong></p>\r\n\r\n<p>Một người cầu to&agrave;n, tỉ mỉ như Xử Nữ sẽ c&agrave;ng ho&agrave;n hảo hơn trong năm nay nếu c&aacute;c n&agrave;ng chọn cho m&igrave;nh nhưng t&ocirc;ng m&agrave;u xanh dương, xanh l&aacute;, trắng v&agrave; v&agrave;ng pastel. Đ&acirc;y l&agrave; những sắc th&aacute;i m&agrave;u tạo cảm gi&aacute;c tươi m&aacute;t, t&ocirc;n l&ecirc;n diện mạo trang nh&atilde;, thanh lịch cho c&aacute;c n&agrave;ng.</p>\r\n\r\n<p><img alt=\"mau may man cho 12 cung hoang dao 2021 - 6\" src=\"https://dep.com.vn/wp-content/uploads/2021/01/mau-may-man-cho-12-cung-hoang-dao-2021-6.jpg\" style=\"height:450px; width:800px\" /></p>\r\n\r\n<p>BST Versace Pre-fall 2021, BST Balmain Resort 2021 v&agrave; BST Christian Siriano Xu&acirc;n H&egrave; 2021</p>\r\n\r\n<p><strong>Thi&ecirc;n B&igrave;nh (24/9 &ndash; 23/10)</strong></p>\r\n\r\n<p>Để nắm bắt được nhiều vận may trong năm 2021 n&agrave;y, c&aacute;c c&ocirc; n&agrave;ng cung Thi&ecirc;n B&igrave;nh n&ecirc;n chọn c&aacute;c set đồ m&agrave;u trắng hoặc xanh da trời. Chẳng hạn như c&ocirc;ng thức phối đồ c&ugrave;ng c&aacute;c m&oacute;n đồ bằng denim mang lại sự trẻ trung, năng động cho c&aacute;c c&ocirc; n&agrave;ng c&aacute; t&iacute;nh. Một chiếc &aacute;o ph&ocirc;ng thiết kế tối giản sơ vin c&ugrave;ng quần mom jeans cạp cao, phối c&ugrave;ng một t&uacute;i x&aacute;ch tuy đơn giản nhưng v&ocirc; c&ugrave;ng thanh lịch cho những ng&agrave;y bận rộn, tại sao kh&ocirc;ng? Nếu bạn l&agrave; t&iacute;n đồ của color-block, bạn c&oacute; thể chọn cho m&igrave;nh c&aacute;c m&oacute;n đồ m&agrave;u cam rực rỡ, đ&acirc;y cũng l&agrave; t&ocirc;ng m&agrave;u mang đến cho cung Thi&ecirc;n B&igrave;nh nhiều may mắn trong năm mới.</p>\r\n\r\n<p><img alt=\"mau may man cho 12 cung hoang dao 2021 - 7\" src=\"https://dep.com.vn/wp-content/uploads/2021/01/mau-may-man-cho-12-cung-hoang-dao-2021-7.jpg\" style=\"height:450px; width:800px\" /></p>\r\n\r\n<p>BST Etro Xu&acirc;n H&egrave; 2021, BST Valentino Xu&acirc;n H&egrave; 2021 v&agrave; BST Chanel Xu&acirc;n H&egrave; 2021</p>\r\n\r\n<p><strong>Thi&ecirc;n Yết (24/10 &ndash; 22/11)</strong></p>\r\n\r\n<p>Sao Hỏa l&agrave; ch&ograve;m sao thủ lĩnh của Thi&ecirc;n Yết trong năm nay. Do đ&oacute;, t&ocirc;ng m&agrave;u đỏ v&agrave; cam sẽ gi&uacute;p c&aacute;c n&agrave;ng cung Thi&ecirc;n Yết thuận lợi ho&agrave;n th&agrave;nh nhiều dự định trong tương lai. Nếu bạn kh&ocirc;ng phải l&agrave; người chuộng c&aacute;c m&agrave;u sắc rực rỡ th&igrave; m&agrave;u trắng v&agrave; n&acirc;u chocolate gi&uacute;p c&aacute;c n&agrave;ng cung Thi&ecirc;n Yết tạo điểm nhấn nổ bật trong năm 2021.</p>\r\n\r\n<p><img alt=\"mau may man cho 12 cung hoang dao 2021 - 8\" src=\"https://dep.com.vn/wp-content/uploads/2021/01/mau-may-man-cho-12-cung-hoang-dao-2021-8.jpg\" style=\"height:450px; width:800px\" /></p>\r\n\r\n<p>BST Christian Siriano Xu&acirc;n H&egrave; 2021, BST Balmain Pre-fall 2021 v&agrave; BST Burberry Pre-fall 2021</p>\r\n\r\n<p><strong>Nh&acirc;n M&atilde; (23/11 &ndash; 22/11)</strong></p>\r\n\r\n<p>L&agrave; biểu tượng cho sự sung t&uacute;c v&agrave; thịnh vượng, sức h&uacute;t của m&agrave;u v&agrave;ng v&agrave; cam sẽ gi&uacute;p Nh&acirc;n M&atilde; được nhiều như &yacute; trong cuộc sống. V&igrave; cung Nh&acirc;n M&atilde; sẽ được sao Mộc chiếu mệnh, do đ&oacute; m&agrave;u xanh l&aacute; v&agrave; m&agrave;u kem cũng mang đến bạn nhiều kết quả thật mỹ m&atilde;n.&nbsp;</p>\r\n\r\n<p><img alt=\"mau may man cho 12 cung hoang dao 2021 - 9\" src=\"https://dep.com.vn/wp-content/uploads/2021/01/mau-may-man-cho-12-cung-hoang-dao-2021-9.jpg\" style=\"height:450px; width:800px\" /></p>\r\n\r\n<p>BST Versace Xu&acirc;n H&egrave; 2021, BST Bottega Veneta Xu&acirc;n H&egrave; 2021 v&agrave; BST Jil Sander Pre-fall 2021</p>\r\n\r\n<p><strong>Ma Kết (23/12 &ndash; 20/1)</strong></p>\r\n\r\n<p>Trong khi m&agrave;u đen ẩn chứa sự huyền b&iacute; v&agrave; quyền lực th&igrave; sắc t&iacute;m lại to&aacute;t l&ecirc;n h&agrave;o quang của sự điệu đ&agrave;, qu&yacute; ph&aacute;i. Đ&acirc;y cũng l&agrave; 2 t&ocirc;ng m&agrave;u may mắn của cung Ma Kết trong năm nay. D&ugrave; l&agrave; người hay đa nghi nhưng khi tin tưởng v&agrave;o vẻ đẹp đầy m&ecirc; hoặc của trang phục gam m&agrave;u đen v&agrave; t&iacute;m sẽ gi&uacute;p c&aacute;c n&agrave;ng đạt được nhiều th&agrave;nh c&ocirc;ng. Ngo&agrave;i ra, m&agrave;u caramel v&agrave; xanh l&aacute; th&ocirc;ng cũng l&agrave; hai m&agrave;u n&ecirc;n c&oacute; trong giỏ đồ của bạn cho một năm tr&agrave;n ngập tinh thần lạc quan, năng lượng t&iacute;ch cực.</p>\r\n\r\n<p><img alt=\"mau may man cho 12 cung hoang dao 2021 - 10\" src=\"https://dep.com.vn/wp-content/uploads/2021/01/mau-may-man-cho-12-cung-hoang-dao-2021-10.jpg\" style=\"height:450px; width:800px\" /></p>\r\n\r\n<p>BST Gabriela Hearst Xu&acirc;n H&egrave; 2021, BST Chanel Pre-fall 2021 v&agrave; BST Givenchy Xu&acirc;n H&egrave; 2021</p>\r\n\r\n<p><strong>Bảo B&igrave;nh (21/1 &ndash; 19/2)</strong></p>\r\n\r\n<p>Sao Thổ l&agrave; ch&ograve;m sao thủ lĩnh của cung Bảo B&igrave;nh trong năm 2021, những cơ hội mới sẽ đến với c&aacute;c n&agrave;ng nếu chọn những gam m&agrave;u hợp mệnh với ch&ograve;m sao n&agrave;y. Sắc t&iacute;m chắc hẳn sẽ l&agrave; sự lựa chọn l&yacute; tưởng gi&uacute;p bạn đạt được những mong ước của m&igrave;nh. B&ecirc;n cạnh đ&oacute;, gam m&agrave;u trắng, xanh da trời v&agrave; c&aacute;c gam m&agrave;u s&aacute;ng cũng sẽ t&ocirc;n l&ecirc;n vẻ ngo&agrave;i sang trọng m&agrave; kh&ocirc;ng k&eacute;m phần trẻ trung, hiện đại của ph&aacute;i đẹp.</p>\r\n\r\n<p><img alt=\"mau may man cho 12 cung hoang dao 2021 - 11\" src=\"https://dep.com.vn/wp-content/uploads/2021/01/mau-may-man-cho-12-cung-hoang-dao-2021-10-1.jpg\" style=\"height:450px; width:800px\" /></p>\r\n\r\n<p>BST Etro Xu&acirc;n H&egrave; 2021, BST Louis Vuitton Xu&acirc;n H&egrave; 2021 v&agrave; BST Balmain Xu&acirc;n H&egrave; 2021</p>\r\n\r\n<p><strong>Song Ngư (20/2 &ndash; 20/3)</strong></p>\r\n\r\n<p>Sao Mộc l&agrave; ch&ograve;m sao hộ mệnh cho cung Song Ngư trong năm nay. Để tr&aacute;nh khỏi những xung đột kh&ocirc;ng đ&aacute;ng c&oacute;, c&aacute;c Song Ngư n&ecirc;n chọn cho m&igrave;nh những gam m&agrave;u cam, hồng rực rỡ. Để c&acirc;n bằng tổng thể set đồ, bạn c&oacute; thể phối 2 gam m&agrave;u nay c&ugrave;ng c&aacute;c sắc th&aacute;i m&agrave;u trung t&iacute;nh kh&aacute;c.</p>\r\n\r\n<p><img alt=\"mau may man cho 12 cung hoang dao 2021 - 12\" src=\"https://dep.com.vn/wp-content/uploads/2021/01/mau-may-man-cho-12-cung-hoang-dao-2021-12.jpg\" style=\"height:558px; width:800px\" /></p>\r\n\r\n<p>BST Herm&egrave;s Xu&acirc;n H&egrave; 2021 v&agrave; BST Balmain Xu&acirc;n h&egrave; 2021</p>\r\n', 1, '1615884616mau-may-man-cho-12-cung-hoang-dao-2021-1.jpg'),
(10, 'THANH LỊCH NHƯ NHỮNG QUÝ CÔ THẾ KỶ 19 CÙNG PHONG CÁCH LIGHT ACADEMIA THỜI THƯỢNG', '<p>Nếu bạn kh&ocirc;ng phải l&agrave; t&iacute;n đồ của c&aacute;c bản phối đồ sẫm m&agrave;u của Dark Academia, th&igrave; sự thanh lịch đến từ những m&oacute;n đồ cổ điển mang t&ocirc;ng m&agrave;u đất nhạt, trung t&iacute;nh hoặc pastel theo phong c&aacute;ch Light Academia sẽ mang đến cho bạn nhiều c&ocirc;ng thức phối đồ thời thượng nhất.</p>\r\n', '<p>Nếu bạn kh&ocirc;ng phải l&agrave; t&iacute;n đồ của c&aacute;c bản phối đồ sẫm m&agrave;u của Dark Academia, th&igrave; sự thanh lịch đến từ những m&oacute;n đồ cổ điển mang t&ocirc;ng m&agrave;u đất nhạt, trung t&iacute;nh hoặc pastel theo phong c&aacute;ch Light Academia sẽ mang đến cho bạn nhiều c&ocirc;ng thức phối đồ thời thượng nhất.</p>\r\n\r\n<p><img alt=\"phoi do light academia - 1\" src=\"https://dep.com.vn/wp-content/uploads/2021/03/phoi-do-light-academia-1.jpg\" style=\"height:450px; width:800px\" /></p>\r\n\r\n<p>Light Academia l&agrave; một nh&aacute;nh của xu hướng thẩm mỹ Academia hay c&ograve;n gọi l&agrave; một tiểu văn h&oacute;a Academia cổ điển, được x&acirc;y dựng n&ecirc;n từ ảnh hưởng của văn h&oacute;a của giới tr&iacute; thức thế kỷ 19. Dần dần, Academia trở th&agrave;nh nguồn cảm hứng được c&aacute;c thi h&agrave;o, họa sĩ v&agrave; kiến tr&uacute;c sư lỗi lạc sử dụng để truyền tải g&oacute;c nh&igrave;n thời đại của họ qua c&aacute;c t&aacute;c phẩm. Thời trang cũng kh&ocirc;ng phải l&agrave; một ngoại lệ.</p>\r\n\r\n<p>Nh&igrave;n chung, thời trang l&agrave; một trong những yếu tố quan trọng để phong tr&agrave;o Light Academia ph&aacute;t triển th&ecirc;m phần vững mạnh. C&oacute; thể xem sự ho&agrave;i niệm v&agrave; sự thanh lịch được tạo n&ecirc;n từ những gam m&agrave;u ấm, cổ điển l&agrave; c&ocirc;ng thức l&agrave;m n&ecirc;n một set đồ Light Academia chuẩn phong c&aacute;ch như những nữ sinh đại học cuối thế kỷ 19 &ndash; đầu thế kỷ 20.</p>\r\n\r\n<p><img alt=\"phoi do light academia - 2\" src=\"https://dep.com.vn/wp-content/uploads/2021/03/phoi-do-light-academia-2.jpg\" style=\"height:450px; width:800px\" /></p>\r\n\r\n<p>Dưới đ&acirc;y l&agrave; những ti&ecirc;u chuẩn định h&igrave;nh phong c&aacute;ch Light Academia thời thượng cho ph&aacute;i đẹp m&ugrave;a mốt 2021 n&agrave;y:</p>\r\n\r\n<p><strong>M&agrave;u sắc:</strong>&nbsp;Bạn c&oacute; thể lựa chọn c&aacute;c m&oacute;n đồ thời trang m&agrave;u đất nhẹ như ivory, n&acirc;u sedona, x&aacute;m limestone, m&agrave;u camel&hellip; Ngo&agrave;i ra c&ograve;n c&oacute; c&aacute;c sắc th&aacute;i m&agrave;u trung t&iacute;nh như đen, trắng, x&aacute;m v&agrave; c&aacute;c gam m&agrave;u thuộc nh&oacute;m pastel nhẹ nh&agrave;ng để tạo n&ecirc;n set đồ Light Academia s&agrave;nh điệu.</p>\r\n\r\n<p><img alt=\"phoi do light academia - 5\" src=\"https://dep.com.vn/wp-content/uploads/2021/03/phoi-do-light-academia-5.jpg\" style=\"height:800px; width:800px\" /></p>\r\n\r\n<p>Blazer: Saint Laurent | &Aacute;o blouse: Khaite | Cardigan: Thom Browne | Ch&acirc;n v&aacute;y tulle: Dolce &amp; Gabbana | Ch&acirc;n v&aacute;y chần: Sandro Paris | Culottes: Loewe</p>\r\n\r\n<p><strong>Chất liệu vải:</strong>&nbsp;Kh&ocirc;ng cần quan t&acirc;m liệu Light Academia ph&ugrave; hợp với m&ugrave;a mốt n&agrave;o v&igrave; bạn c&oacute; thể thỏa sức mặc đẹp với phong c&aacute;ch n&agrave;y cả năm. Với tiết trời hanh kh&ocirc;, nắng n&oacute;ng đặc trưng của m&ugrave;a Xu&acirc;n H&egrave;, bạn c&oacute; thể chọn những m&oacute;n đồ l&agrave;m bằng chất liệu th&ocirc;ng tho&aacute;ng như linen, cotton, lụa, ren, nhung corduroy&hellip; cho những bản phối Light Academia của m&igrave;nh. C&ograve;n v&agrave;o thời điểm se lạnh của tiết trời Thu Đ&ocirc;ng, những bản phối đồ layer c&ugrave;ng c&aacute;c chất liệu c&oacute; thể giữ ấm như len đan, vải dệt kim, da lộn hoặc da, tweed&hellip; sẽ l&agrave; lời gợi &yacute; v&ocirc; c&ugrave;ng l&yacute; tưởng cho bạn.</p>\r\n\r\n<p><img alt=\"phoi do light academia - 4\" src=\"https://dep.com.vn/wp-content/uploads/2021/03/phoi-do-light-academia-4.jpg\" style=\"height:800px; width:800px\" /></p>\r\n\r\n<p>&Aacute;o sơ mi: Asceno | &Aacute;o cổ chữ V: Alanui | Đầm vintage: Moncler | &Aacute;o cardigan: Brunello Cucinelli | Quần: Gucci | Ch&acirc;n v&aacute;y ngắn: Dolce &amp; Gabbana | Ch&acirc;n v&aacute;y xếp pli: Chlo&eacute;</p>\r\n\r\n<p>Cuối c&ugrave;ng, để c&oacute; thể tự tin thỏa sức s&aacute;ng tạo c&ocirc;ng thức phối đồ Light Academia cho ri&ecirc;ng m&igrave;nh, bạn cần c&oacute; trong tủ đồ của m&igrave;nh những m&oacute;n đồ như &aacute;o cardigan, &aacute;o chui cổ, &aacute;o cổ chữ V kh&ocirc;ng tay, đầm chữ A, đầm xếp pli, quần t&acirc;y xếp pli, &aacute;o blazer, &aacute;o trenchcoat, vớ (tất) họa tiết Argyle&hellip; Đối với gi&agrave;y d&eacute;p, bạn c&oacute; thể chọn c&aacute;c kiểu d&aacute;ng gi&agrave;y loafers, gi&agrave;y Mary Janes, Oxfords&hellip;</p>\r\n', 1, '16158839481599482188_5.jpg');

-- --------------------------------------------------------

--
-- Cấu trúc bảng cho bảng `orderdetails`
--

CREATE TABLE `orderdetails` (
  `id` int(11) NOT NULL,
  `order_id` int(11) NOT NULL,
  `product_id` int(11) NOT NULL,
  `quantity` int(11) NOT NULL,
  `price` float NOT NULL
) ENGINE=InnoDB DEFAULT CHARSET=utf8;

--
-- Đang đổ dữ liệu cho bảng `orderdetails`
--

INSERT INTO `orderdetails` (`id`, `order_id`, `product_id`, `quantity`, `price`) VALUES
(16, 6, 11, 3, 5000000),
(17, 6, 6, 5, 8000000),
(18, 7, 11, 1, 5000000),
(19, 7, 4, 1, 6000000),
(20, 7, 7, 1, 9000000),
(21, 8, 8, 2, 213000),
(22, 9, 7, 2, 419000),
(23, 10, 11, 2, 145000);

-- --------------------------------------------------------

--
-- Cấu trúc bảng cho bảng `orders`
--

CREATE TABLE `orders` (
  `id` int(11) NOT NULL,
  `customer_id` int(11) NOT NULL,
  `date` date NOT NULL,
  `price` float NOT NULL,
  `status` int(11) NOT NULL DEFAULT 0
) ENGINE=InnoDB DEFAULT CHARSET=utf8;

--
-- Đang đổ dữ liệu cho bảng `orders`
--

INSERT INTO `orders` (`id`, `customer_id`, `date`, `price`, `status`) VALUES
(6, 1, '2020-09-16', 32000000, 1),
(7, 1, '2020-09-16', 15400000, 1),
(8, 0, '2021-01-27', 340800, 1),
(9, 0, '2021-01-28', 670400, 0),
(10, 1, '2021-03-24', 232000, 0);

-- --------------------------------------------------------

--
-- Cấu trúc bảng cho bảng `products`
--

CREATE TABLE `products` (
  `id` int(11) NOT NULL,
  `name` varchar(500) NOT NULL,
  `description` varchar(4000) NOT NULL,
  `content` text NOT NULL,
  `color` varchar(500) NOT NULL,
  `size` varchar(500) NOT NULL,
  `chatlieu` varchar(500) NOT NULL,
  `huongdan` varchar(500) NOT NULL,
  `hot` int(11) NOT NULL DEFAULT 0,
  `photo` varchar(500) NOT NULL,
  `photosub` varchar(500) NOT NULL,
  `price` float NOT NULL,
  `discount` int(11) NOT NULL,
  `category_id` int(11) NOT NULL
) ENGINE=InnoDB DEFAULT CHARSET=utf8;

--
-- Đang đổ dữ liệu cho bảng `products`
--

INSERT INTO `products` (`id`, `name`, `description`, `content`, `color`, `size`, `chatlieu`, `huongdan`, `hot`, `photo`, `photosub`, `price`, `discount`, `category_id`) VALUES
(3, 'Áo kiểu nữ Syo Fashion Xanh cổ sen đè ren A58200010', '- Kiểu dáng thời trang, mang đậm nét dịu dàng, nữ tính\r\n\r\n\r\n- Dáng suông dễ mặc, phù hợp nhiều đối tượng khách hàng\r\n\r\n\r\n- Màu sắc cơ bản, giúp nàng thoải mái mix-match nhiều phong cách\r\n\r\n\r\n- Phù hợp nhiều hoàn cảnh, dễ dàng kết hợp trang phục và nhiều phụ kiện\r\n\r\n\r\n- Kết hợp cùng phụ kiện giày-túi, trang sức cơ bản đem lại độ hoàn hảo cho set đồ.', 'Được may từ chất liệu Tơ Nhật cao cấp, nằm trong bộ sưu tập RuDen tôn lên nét đẹp dịu dàng nữ tính vốn có của người mặc. Vải không co giãn, Tơ Nhật cao cấp, mềm mịn nhẹ, có lớp lót lụa bên trong Dáng suông dễ mặc và dễ kết hợp. Cổ đính ren nữ tính cùng phần tay búp gọn gàng. Áo kiểu nữ Syo Fashion sở hữu thiết kế đơn giản nhưng vẫn toát lên nét đẹp đặc trưng của người phụ nữ. Bên cạnh đó, gam màu sản phẩm cũng được Syo Fashion lựa chọn phù hợp với nhiều hoàn cảnh cũng như dễ dàng phối cùng nhiều phụ kiện khác nhau nhưng vẫn giữ được nét sang trọng và đậm chất nữ tính.\r\n\r\n ', 'Xanh', 'S, M, L, XL', 'Tơ Nhật cao cấp', '', 1, 'a9.jpg', 'a9-1.jpg, a9-2.jpg ', 150000, 20, 1),
(4, 'Áo sơ mi kiểu họa tiết TosonFashion tay lỡ cổ peter pan trắng 12102X620', '- Phù hợp nhiều hoàn cảnh khác nhau\r\n\r\n\r\n- Thiết kế đơn giản nhưng vẫn tôn nét duyên dáng hợp thời\r\n\r\n\r\n- Đường may đều đẹp đem đến sự tinh tế và hài lòng cho người mặc\r\n\r\n\r\n- Dễ dàng kết hợp cùng trang phục và phụ kiện, mang nhiều phong cách khác nhau\r\n\r\n\r\n- Thể hiện nét tinh tế và thanh lịch của bạn thông qua những bộ cánh bạn khoác lên người', ' được may từ chất liệu Lụa đem lại hình ảnh dịu dàng và nữ tính cho phái đẹp. Áo sơ mi TosonFashion sở hữu thiết kế đơn giản giúp tôn lên những đường nét mềm mại và nữ tính của bạn gái. Sử dụng chất liệu tốt, độ bền cao, sản phẩm mang đến sự thoải mái, dễ chịu nhất cho người mặc. Hơn thế nữa gam màu của sản phẩm cũng được TosonFashion lựa chọn sao cho phù hợp với nhiều hoàn cảnh khác nhau nhưng vẫn giữ được nét sang trọng và đậm chất công sở. Một chút khéo léo trong khâu mix & match hẳn sẽ giúp bạn trở nên duyên dáng hơn, xinh đẹp hơn trong mắt tất cả mọi người xung quanh.\r\n\r\n ', 'Xanh', 'S, M, L', 'Lụa', '- Giặt riêng sản phẩm màu sáng và màu tối \r\n- Giặt sản phẩm với nước ở nhiệt độ thường \r\n- Không nên sử dụng chất tẩy, không xoắn vắt mạnh\r\n - Ủi mặt trái sản phẩm và ủi với nhiệt độ không quá 110 độ C \r\n- Nên phơi mặt trái sản phẩm và không phơi dưới ánh nắng trực tiếp', 1, 'a7.jpg', 'a7-1.jpg, a7-2.jpg ', 160000, 30, 1),
(5, ' Áo len nữ cổ tròn xanh TosonFashion tay lỡ phối kẻ ngang 66005X240', ' - Thiết kế cổ tròn khít, tay lỡ phối sọc ngang\r\n\r\n\r\n- Áo có độ co giãn và đàn hồi cao, thoải mái vận động\r\n\r\n\r\n- Chất liệu vải mềm mịn, ít khi bị nhăn, đảm bảo tính thẩm mỹ cao\r\n\r\n\r\n- Tạo cảm giác dễ chịu, nhẹ nhàng, thư thái, thoải mái cho người mặc\r\n\r\n\r\n- Phù hợp mặc vào mùa đông, thu đông, thời tiết chuyển mùa, thời tiết se lạnh', 'với chất liệu len được mệnh danh là \"Mỹ nhân của mùa đông\" đem đến hình ảnh nhẹ nhàng và nữ tính cho phái đẹp. Áo len TosonFashion sở hữu thiết kế đơn giản nhưng vẫn toát lên nét đẹp đặc trưng của người phụ nữ. Dù bạn theo đuổi phong cách thời trang nào thì những chiếc áo len này đều có thể mang lại những hiệu ứng thú vị bằng cách thay đổi trong việc mix & match. Chúng không những êm ái, mềm mại, giữ ấm tuyệt vời cho cơ thể của bạn mà còn có thiết kế trẻ trung, sành điệu dễ dàng phối hợp với mọi kiểu trang phục khác nhau. Hãy làm sáng bừng tủ đồ của bạn trong mùa thu đông năm nay bằng cách lựa chọn một chiếc áo len đến từ TosonFashion nhé!', 'Xanh', 'M,L', 'Len', '- Giặt riêng sản phẩm màu sáng và màu tối \r\n- Giặt sản phẩm với nước ở nhiệt độ thường \r\n- Không nên sử dụng chất tẩy, không xoắn vắt mạnh \r\n- Ủi mặt trái sản phẩm và ủi với nhiệt độ không quá 110 độ C \r\n- Nên phơi mặt trái sản phẩm và không phơi dưới ánh nắng trực tiếp', 0, 'a8.jpg', 'a8-1.jpg, a8-2.jpg ', 199000, 40, 1),
(6, 'Áo kiểu nữ TosonFashion cổ chữ U tay bèo xanh kẻ trắng 11062X520', '- Phù hợp nhiều hoàn cảnh khác nhau\r\n\r\n\r\n- Thiết kế đơn giản nhưng duyên dáng hợp thời trang\r\n\r\n\r\n- Đường may đều đẹp đem đến sự tinh tế và hài lòng cho người mặc\r\n\r\n\r\n- Dễ dàng kết hợp cùng trang phục và phụ kiện, mang nhiều phong cách khác nhau\r\n\r\n\r\n- Thể hiện nét tinh tế và thanh lịch của bạn thông qua những bộ cánh bạn khoác lên người', 'được may từ chất liệu vải Lụa đem đến cho bạn gái nét đẹp dịu dàng nữ tính. Áo kiểu nữ sử dụng chất liệu vải mềm mại, nhẹ nhàng giúp các bạn gái trở nên trẻ trung, thanh lịch hơn. Sản phẩm được thiết kế tinh tế từ kiểu dáng đến chất liệu và màu sắc nhằm nâng cao vẻ duyên dáng, nữ tính của các nàng. Chất liệu may sản phẩm được TosonFashion chọn lọc kỹ lưỡng phù hợp với từng thiết kế và mục đích tôn dáng người mặc cũng như giữ được độ bền đẹp theo thời gian.\r\n', 'Xanh kẻ trắng', 'S, M, L ', 'Lụa', '- Giặt riêng sản phẩm màu sáng và màu tối \r\n- Giặt sản phẩm với nước ở nhiệt độ thường \r\n- Không nên sử dụng chất tẩy, không xoắn vắt mạnh \r\n- Ủi mặt trái sản phẩm và ủi với nhiệt độ không quá 110 độ C \r\n- Nên phơi mặt trái sản phẩm và không phơi dưới ánh nắng trực tiếp', 1, 'a6.jpg', 'a6-1.jpg, a6-2.jpg ', 180000, 50, 1),
(7, 'Đồng hồ nữ Julius Hàn Quốc JA-1090C dây da Xám', '- Thiết kế tinh tế, hiện đại và trẻ trung\r\n\r\n- Kiểu dáng mặt cơ bản phù hợp với nhiều đối tượng\r\n\r\n- Có khả năng chống nước nhẹ: đi mưa, rửa tay, rửa mặt\r\n\r\n- Phụ kiện thời trang thể hiện đẳng cắp của bạn một cách tinh tế\r\n\r\n- Giúp bạn quản lý thời gian hiệu quả cũng như khẳng định cá tính riêng', 'không chỉ mang ý nghĩa và chức năng về thời gian mà còn là một phụ kiện thời trang khẳng định phong cách của bạn. Chiếc đồng hồ trên tay khiến bạn trở nên đúng giờ với những nơi bạn đến, những người bạn gặp, khiến bạn luôn biết trân trọng từng giây, từng phút. Một chiếc đồng hồ đẹp không khiến bạn phải bỏ ra quá nhiều tiền để chi trả như một chiếc xe hơi. Bởi vậy, hãy sắm cho mình một chiếc đồng hồ Julius với kiểu dáng yêu thích bởi nó xứng đáng với những gì mà bạn bỏ ra.', '', '', 'Dây da', '', 1, 'p7.jpg', 'p7-1.jpg, p7-2.jpg ', 419000, 20, 6),
(8, 'Áo kiểu nữ Toson kem chấm vàng 12199E630', '- Thiết kế cổ nơ thêu bồ đề, tay rộng\r\n\r\n\r\n- Kiểu dáng trẻ trung, thanh lịch nữ tính\r\n\r\n\r\n- Form may đúng chuẩn, đường may đẹp mắt\r\n\r\n\r\n- Phù hợp với nhiều dáng người và nhiều không gian đến\r\n\r\n\r\n- Gam màu tinh tế, dễ kết hợp trang phục, thoải mái mix&match', 'được may từ chất liệu Chiffon đem đến hình ảnh nhẹ nhàng và nữ tính cho phái đẹp. Áo kiểu nữ vừa phù hợp với bạn gái năng động trẻ trung, vừa có thể dành cho phụ nữ trưởng thành chín chắn. Những chiếc áo kiểu nữ luôn được La Lune Fashion không ngừng cập nhật xu hướng đưa vào thiết kế của mình nên bạn hoàn toàn có thể yên tâm khi lựa chọn. Hãy chọn những chiếc áo kiểu nữ TosonFashion với kiểu dáng cách điệu vừa phải, đừng chọn những kiểu cách điệu quá nhiều. Với những chiếc áo đã được cách điệu nhiều chi tiết bạn nên chọn những chiếc quần hoặc chân váy đơn giản để tạo sự cân bằng hoàn hảo cho set đồ của mình nhé!\r\n', 'Kem chấm vàng', 'S, M, L', 'Chifon', '- Giặt riêng sản phẩm màu sáng và màu tối\r\n- Giặt sản phẩm với nước ở nhiệt độ thường \r\n- Không nên sử dụng chất tẩy, không xoắn vắt mạnh\r\n- Ủi mặt trái sản phẩm và ủi với nhiệt độ không quá 110 độ C\r\n- Nên phơi mặt trái sản phẩm và không phơi dưới ánh nắng trực tiếp', 0, 'a5.jpg', 'a5-1.jpg, a5-2.jpg, a5-3.jpg ', 213000, 20, 1),
(9, 'Quần baggy nữ Emspo ly bung thân trước QL1021 Be', '- Thiết kế form baggy chuẩn đẹp\r\n\r\n- Gam màu be dễ mặc dễ kết hợp trang phục\r\n\r\n- Quần có phối ly bung phía thân trước, trẻ trung\r\n\r\n- Chiều dài sản phẩm: Size S 96.5, Size M 98, Size L 99.5, Size XL 101(cm)\r\n\r\n- Trở thành niềm hứng khởi đầy năng lượng cho ngày mới bắt đầu của phái đẹp', 'được may từ chất liệu Tuytsi đem đến cảm giác thoải mái dễ chịu cho người mặc. Chất vải được Emspo chọn lọc kỹ lưỡng, thiết kế đơn giản nhưng cũng kém phần thời trang. Sản phẩm của thời trang Emspo luôn là sự kết hợp hoàn hảo giữa chất liệu, kiểu dáng và màu sắc đem lại cho người mặc cảm giác tự tin - thoải mái nhất dù đi đến bất cứ đâu, công sở, dạo phố hay mặc nhà. Quần baggy Emspo chắc chắn sẽ mang lại sự duyên dáng, trẻ trung cho phái đẹp.', 'Be', 'S, M, L, XL\r\n', 'Tuytsi', '', 1, 'q4.jpg', 'q4-1.jpg, q4-2.jpg ', 110000, 60, 2),
(10, 'Quần baggy đen sang trọng QQ Quyên 059', '- Đường may chắc chắn và tỉ mỉ, mang đến độ bền đẹp lâu dài cho sản phẩm.\r\n\r\n- Dễ giặt sạch, dễ ủi thẳng khi sử dụng, tiết kiệm nhiều thời gian.\r\n\r\n- Dễ dàng phối hợp cùng nhiều phụ kiện khác mang đến phong cách thời trang riêng cho bạn nữ, khéo léo lựa chọn trang phục cùng phụ kiện phù hợp, bạn sẽ có set đồ đẹp mắt...Bạn có thể kết hợp cùng giày sandals, giày búp bê, giày cao gót hoặc các kiểu dép khác nhau giúp bạn thêm tự tin khi ra đường.', 'được thiết kế bởi Quyên Fashion, sản phẩm được may từ chất liệu vải cao cấp, thiết kế thời thượng cùng đường chỉ may tinh tế sẽ là gợi ý hoàn hảo cho những cô nàng sành điệu xuống phố hay đến công sở.', '', 'S M L XL', '', '', 0, 'q3.jpg', 'q3-1.jpg, q3-2.jpg, q3-3.jpg', 169000, 40, 2),
(11, 'Quần culottes nữ Bella Moda xếp ly trước thời trang BH20QU00341', '- Mang phong cách hiện đại phóng khoáng, tự tin\r\n\r\n\r\n- Chất liệu vải mềm mại bay bổng, tôn dáng người mặc\r\n\r\n\r\n- Đem lại cho các nàng vẻ sành điệu, cá tính và vô cùng trẻ trung\r\n\r\n\r\n- Một trong những items hot trend thời thượng luôn được phái đẹp chào đón\r\n\r\n\r\n- Giúp che được khuyết điểm chân thô hoặc cong đồng thời khoe vòng 3 hoàn hảo', 'với thiết kế đơn giản, lịch sự và cực kì tiện lợi khi dễ dàng mix được với rất nhiều dáng áo, quần culottes là item mà chắc chắn mỗi nàng nên có trong tủ đồ của mình. Đặc biệt, với những nàng sở hữu cặp chân to, quần culottes sẽ là “vũ khí” vô cùng lợi hại giúp các nàng nhanh chóng lấy lại tự tin về vóc dáng của bản thân. Mix quần culottes dáng rộng với áo sơ mi, áo hai dây, áo thun đơn giản, áo croptop cùng một chiếc giày cao gót sẽ là set đồ hoàn hảo dành cho các nàng. Với những chiếc áo có dáng dài qua cạp quần, các nàng đừng quên sơ vin như một cách tạo điểm nhấn cho vùng eo, đồng thời tăng chiều dài cho đôi chân. Cá tính và mạnh mẽ hơn một chút, các nàng có thể diện cùng áo blazer!\r\n<p>L&agrave; Trưởng đo&agrave;n Việt Nam tham gia phi&ecirc;n thảo luận, Ph&oacute; Chủ tịch Quốc hội Ph&ugrave;ng Quốc Hiển nhận định, đ&acirc;y l&agrave; chủ đề mang t&iacute;nh thiết thực, c&oacute; t&iacute;nh thời sự cấp b&aacute;ch đối với mọi quốc gia th&agrave;nh vi&ecirc;n AIPA hiện nay. Trong bối cảnh khu vực v&agrave; quốc tế bị ảnh hưởng nặng nề bởi dịch bệnh Covid-19 như hiện nay, Ph&oacute; Chủ tịch Quốc hội b&agrave;y tỏ mong muốn c&aacute;c nước th&agrave;nh vi&ecirc;n sớm vượt qua kh&oacute; khăn, phục hồi nền kinh tế, ổn định đời sống x&atilde; hội v&agrave; &ldquo;kh&ocirc;ng để ai bị bỏ lại ph&iacute;a sau&rdquo;.</p>\r\n\r\n<p><img alt=\"Du lịch cầu hàng không giữa “các nước xanh lá cây” để tái mở cửa ASEAN - 1\" src=\"https://icdn.dantri.com.vn/thumb_w/640/2020/09/09/ub-kinh-te-3-1599635216487.jpg\" title=\"Du lịch cầu hàng không giữa “các nước xanh lá cây” để tái mở cửa ASEAN - 1\" /></p>\r\n\r\n<p>Nhấn để ph&oacute;ng to ảnh</p>\r\n\r\n<p>Phi&ecirc;n họp của UB Kinh tế AIPA 41 diễn ra cuối buổi s&aacute;ng ng&agrave;y 9/9/2020.</p>\r\n\r\n<p><strong>Mở cửa lại bi&ecirc;n giới, di chuyển an to&agrave;n trong ASEAN</strong></p>\r\n\r\n<p>Tham gia thảo luận, đại diện của đo&agrave;n Việt Nam n&ecirc;u r&otilde;, đại dịch Covid-19 kh&ocirc;ng chỉ l&agrave; một cuộc khủng hoảng y tế đơn thuần, m&agrave; c&ograve;n l&agrave; một cuộc khủng hoảng đối với sự ph&aacute;t triển khi c&aacute;c chuỗi cung ứng v&agrave; thương mại quốc tế bị ph&aacute; vỡ.</p>\r\n\r\n<p>Theo đ&aacute;nh gi&aacute; của Ng&acirc;n h&agrave;ng Ph&aacute;t triển ch&acirc;u &Aacute; (ADB), dự b&aacute;o tăng trưởng tổng sản phẩm quốc nội (GDP) của khu vực Đ&ocirc;ng Nam &Aacute; sẽ giảm từ 4,4% năm 2019 xuống c&ograve;n -2,7% trong năm 2020, trước khi phục hồi l&ecirc;n mức 5,2% v&agrave;o năm 2021, đặc biệt do c&aacute;c mối quan hệ thương mại v&agrave; đầu tư mạnh mẽ của khu vực n&agrave;y với Trung Quốc.</p>\r\n\r\n<p>Quan ngại s&acirc;u sắc về những tổn thất to lớn do dịch bệnh Covid-19 g&acirc;y ra ở c&aacute;c quốc gia ASEAN, trong tư c&aacute;ch chủ nh&agrave;, đo&agrave;n Việt Nam mong muốn cộng đồng ASEAN thống nhất thực hiện một chuỗi giải ph&aacute;p mang t&iacute;nh đột ph&aacute;, khả thi.</p>\r\n\r\n<p>Một l&agrave;, thực hiện th&uacute;c đẩy nhanh việc trao đổi th&ocirc;ng tin li&ecirc;n quan đến du lịch v&agrave; sức khỏe v&agrave; c&aacute;c biện ph&aacute;p cần thiết kh&aacute;c để kiểm so&aacute;t sự l&acirc;y lan của đại dịch Covid-19; củng cố sự an t&acirc;m trong di chuyển, &aacute;p dụng c&aacute;c ti&ecirc;u chuẩn an to&agrave;n v&agrave; quy tr&igrave;nh y tế hỗ trợ di chuyển xuy&ecirc;n bi&ecirc;n giới của c&ocirc;ng d&acirc;n ASEAN kh&ocirc;ng bị gi&aacute;n đoạn, đồng thời tu&acirc;n thủ c&aacute;c ti&ecirc;u chuẩn an to&agrave;n v&agrave; y tế quốc tế cũng như c&aacute;c cam kết theo c&aacute;c Hiệp định c&oacute; li&ecirc;n quan giữa c&aacute;c nước th&agrave;nh vi&ecirc;n ASEAN.</p>\r\n\r\n<p><img alt=\"Du lịch cầu hàng không giữa “các nước xanh lá cây” để tái mở cửa ASEAN - 2\" src=\"https://icdn.dantri.com.vn/thumb_w/640/2020/09/09/ub-kinh-te-2-1599635215859.jpg\" title=\"Du lịch cầu hàng không giữa “các nước xanh lá cây” để tái mở cửa ASEAN - 2\" /></p>\r\n\r\n<p>Nhấn để ph&oacute;ng to ảnh</p>\r\n\r\n<p>Ph&oacute; Chủ tịch Quốc hội Việt Nam Ph&ugrave;ng Quốc Hiển tham gia phi&ecirc;n thảo luận.</p>\r\n\r\n<p>Hai l&agrave;, nghi&ecirc;n cứu kh&aacute;i niệm &ldquo;du lịch cầu h&agrave;ng kh&ocirc;ng&rdquo; giữa &ldquo;c&aacute;c nước xanh l&aacute; c&acirc;y&rdquo; như một s&aacute;ng kiến sơ bộ trong qu&aacute; tr&igrave;nh mở cửa lại bi&ecirc;n giới, h&igrave;nh th&agrave;nh c&aacute;c khu vực di chuyển an to&agrave;n trong ASEAN v&agrave; đề xuất hướng dẫn tham chiếu cho tất cả c&aacute;c nước th&agrave;nh vi&ecirc;n ASEAN m&agrave; kh&ocirc;ng l&agrave;m tổn hại đến những cam kết theo c&aacute;c thỏa thuận c&oacute; li&ecirc;n quan giữa c&aacute;c nước th&agrave;nh vi&ecirc;n ASEAN.</p>\r\n\r\n<p>Ba l&agrave;, tiếp tục r&agrave; so&aacute;t v&agrave; ho&agrave;n thiện khu&ocirc;n khổ ph&aacute;p l&yacute; nhằm th&uacute;c đẩy thuận lợi h&oacute;a thương mại, bảo đảm lưu th&ocirc;ng h&agrave;ng h&oacute;a v&agrave; c&aacute;c chuỗi cung ứng trong khu vực kh&ocirc;ng bị gi&aacute;n đoạn; x&acirc;y dựng ch&iacute;nh s&aacute;ch đầu tư th&ocirc;ng tho&aacute;ng, bền vững, c&oacute; tr&aacute;ch nhiệm trong khu vực; bảo đảm an ninh lương thực v&agrave; chuỗi gi&aacute; trị n&ocirc;ng nghiệp; tăng cường sử dụng năng lượng t&aacute;i tạo; tiến tới x&acirc;y dựng kinh tế tuần ho&agrave;n.</p>\r\n\r\n<p>Bốn l&agrave;, th&uacute;c đẩy nhanh việc ph&ecirc; chuẩn c&aacute;c hiệp định, thỏa thuận thương mại trong khu vực; ưu ti&ecirc;n tăng cường c&aacute;c nỗ lực để ho&agrave;n tất đ&agrave;m ph&aacute;n v&agrave; k&yacute; kết Hiệp định Đối t&aacute;c Kinh tế To&agrave;n diện Khu vực (RCEP) trong năm 2020; tăng cường năng lực, sự tham gia v&agrave; đẩy mạnh gi&aacute;m s&aacute;t nghị viện đối với việc thực hiện c&aacute;c cam kết về đầu tư v&agrave; thương mại trong khu&ocirc;n khổ khu vực v&agrave; quốc tế, coi đ&acirc;y l&agrave; c&ocirc;ng cụ chủ yếu để th&uacute;c đẩy li&ecirc;n kết kinh tế s&acirc;u rộng hơn trong Cộng đồng ASEAN v&agrave; giữa ASEAN với c&aacute;c đối t&aacute;c kh&aacute;c.</p>\r\n\r\n<p><strong>Khai th&aacute;c t&agrave;i nguy&ecirc;n xuy&ecirc;n bi&ecirc;n giới để đảm bảo an ninh lương thực&nbsp;</strong></p>\r\n\r\n<p>Năm l&agrave;, tăng cường ph&aacute;t triển cơ sở hạ tầng số, kết nối số, an to&agrave;n dữ liệu số, kiến thức v&agrave; kỹ năng số gắn kết giữa c&aacute;c nước th&agrave;nh vi&ecirc;n ASEAN để ph&aacute;t triển kinh tế số; chia sẻ th&ocirc;ng tin v&agrave; kinh nghiệm để xử l&yacute; c&aacute;c th&aacute;ch thức m&agrave; c&aacute;c nền tảng thương mại điện tử đang phải đối mặt; tận dụng c&aacute;c cơ hội của C&aacute;ch mạng c&ocirc;ng nghiệp lần thứ tư nhằm khắc phục bất lợi từ việc đ&oacute;ng cửa nền kinh tế v&agrave; gi&atilde;n c&aacute;ch x&atilde; hội trong dịch bệnh Covid-19 v&agrave; duy tr&igrave; t&iacute;nh cạnh tranh trong kỷ nguy&ecirc;n kinh tế số.</p>\r\n\r\n<p>S&aacute;u l&agrave;, x&acirc;y dựng cơ sở hạ tầng kết nối khu vực, tăng cường kết nối giao th&ocirc;ng v&agrave; sự cần thiết của việc tăng cường hợp t&aacute;c tiểu v&ugrave;ng M&ecirc; C&ocirc;ng v&agrave; c&aacute;c tiểu v&ugrave;ng kh&aacute;c của ASEAN, đặc biệt l&agrave; về bảo vệ m&ocirc;i trường, ph&aacute;t triển n&ocirc;ng nghiệp th&ocirc;ng minh v&agrave; quản l&yacute; bền vững c&aacute;c nguồn t&agrave;i nguy&ecirc;n thi&ecirc;n nhi&ecirc;n xuy&ecirc;n bi&ecirc;n giới nhằm đảm bảo an ninh lương thực, nguồn nước v&agrave; năng lượng tại c&aacute;c tiểu v&ugrave;ng trong v&agrave; sau đại dịch Covid-19.</p>\r\n\r\n<p><img alt=\"Du lịch cầu hàng không giữa “các nước xanh lá cây” để tái mở cửa ASEAN - 3\" src=\"https://icdn.dantri.com.vn/thumb_w/640/2020/09/09/ub-kinh-te-5-1599635216200.jpg\" title=\"Du lịch cầu hàng không giữa “các nước xanh lá cây” để tái mở cửa ASEAN - 3\" /></p>\r\n\r\n<p>Nhấn để ph&oacute;ng to ảnh</p>\r\n\r\n<p>Phi&ecirc;n thảo luận diễn ra đồng thời tại điểm cầu của c&aacute;c nước trong cộng đồng ASEAN.</p>\r\n\r\n<p>Ph&aacute;t biểu tại phi&ecirc;n họp, đại diện đo&agrave;n Malaysia cho rằng, c&aacute;c nước trong ASEAN c&oacute; nhiều điểm chung n&ecirc;n ch&iacute;nh s&aacute;ch của bất cứ quốc gia n&agrave;o cũng c&oacute; thể được c&aacute;c quốc gia kh&aacute;c học tập, để c&oacute; thể tr&aacute;nh gặp sai lầm giống nhau.</p>\r\n\r\n<p>Theo nghị sỹ Malaysia, thời điểm n&agrave;y rất cần một c&aacute;ch tiếp cận chung theo hướng địa phương ho&aacute; c&aacute;c hoạt động kinh tế. Hầu hết hoạt động kinh tế đ&atilde; được t&iacute;ch hợp v&agrave;o chuối cũng ứng to&agrave;n cầu nhưng Covid- 19 đ&atilde; l&agrave;m gi&aacute;n đoạn chuỗi cung ứng n&agrave;y.</p>\r\n\r\n<p>B&agrave;i học l&agrave; cần phải giảm thiểu sự to&agrave;n cầu ho&aacute;. Nhiều doanh nghiệp đang địa phương ho&aacute; chuỗi sản xuất của m&igrave;n, ASEAN c&oacute; thể địa phương ho&aacute;, mở rộng sang khu vực ho&aacute;, xử l&yacute; chuỗi cung ứng khu vực để miễn dịch khủng hoảng trong tương lai, đại diện đo&agrave;n nghị sĩ Malaysia n&ecirc;u quan điểm.</p>\r\n\r\n<p>Chia sẻ kinh nghiệm ứng ph&oacute; với đại dịch Covid-19, đại diện Singapore cho biết nước n&agrave;y mở ra 4 loại ng&acirc;n s&aacute;ch, gồm quỹ ki&ecirc;n cường, quỹ chống chịu, quỹ đo&agrave;n kết v&agrave; quỹ thống&nbsp; nhất, bốn quỹ n&agrave;y được Ch&iacute;nh phủ hỗ trợ. B&ecirc;n cạnh đ&oacute; Singapore c&ograve;n c&oacute; ch&iacute;nh s&aacute;ch hỗ trợ để doanh nghiệp giữ việc l&agrave;m cho người lao động, ch&iacute;nh s&aacute;ch nay được gia hạn đến th&aacute;ng 3/2011.</p>\r\n\r\n<p><strong>Th&aacute;i Anh</strong></p>\r\n', 'Đen', 'S M L XL', '', '', 1, 'q2.jpg', 'q2-1.jpg, q2-2.jpg, q2-3.jpg', 145000, 20, 2),
(12, 'Quần short nữ Trali xanh lá 750021', '- Thiết kế tinh tế kết hợp cùng gam màu hiện đại\r\n\r\n\r\n- Đem đến những trải nghiệm tuyệt vời cho người mặc\r\n\r\n\r\n- Kiểu dáng thời trang, mang đậm nét dịu dàng, nữ tính\r\n\r\n\r\n- Form may đẹp mắt và dễ mặc, phù hợp với nhiều dáng người\r\n\r\n\r\n- Màu sắc cơ bản, giúp nàng thoải mái mix-mach nhiều phong cách', 'được may từ chất liệu Tuytsi đem đến cho người mặc hình ảnh của một cô nàng thanh lịch, hiện đại nhưng cũng không kém phần dịu dàng và quyến rũ. Quần short nữ Trali sở hữu thiết kế đơn giản nhưng vẫn toát lên nét đẹp nữ tính của người phụ nữ hiện đại. Trali Fashion chất liệu được lựa chọn kỹ lưỡng nhằm mang đến sự thoải mái, dễ chịu nhất cho người mặc cũng như đem đến những trải nghiệm tuyệt vời cho khách hàng khi lựa chọn sản phẩm. Các nàng có thể kết hợp sản phẩm Trali với trang phục và phụ kiện phù hợp để có một diện mạo hợp thời đậm chất của riêng mình.\r\n<p>L&agrave; Trưởng đo&agrave;n Việt Nam tham gia phi&ecirc;n thảo luận, Ph&oacute; Chủ tịch Quốc hội Ph&ugrave;ng Quốc Hiển nhận định, đ&acirc;y l&agrave; chủ đề mang t&iacute;nh thiết thực, c&oacute; t&iacute;nh thời sự cấp b&aacute;ch đối với mọi quốc gia th&agrave;nh vi&ecirc;n AIPA hiện nay. Trong bối cảnh khu vực v&agrave; quốc tế bị ảnh hưởng nặng nề bởi dịch bệnh Covid-19 như hiện nay, Ph&oacute; Chủ tịch Quốc hội b&agrave;y tỏ mong muốn c&aacute;c nước th&agrave;nh vi&ecirc;n sớm vượt qua kh&oacute; khăn, phục hồi nền kinh tế, ổn định đời sống x&atilde; hội v&agrave; &ldquo;kh&ocirc;ng để ai bị bỏ lại ph&iacute;a sau&rdquo;.</p>\r\n\r\n<p><img alt=\"Du lịch cầu hàng không giữa “các nước xanh lá cây” để tái mở cửa ASEAN - 1\" src=\"https://icdn.dantri.com.vn/thumb_w/640/2020/09/09/ub-kinh-te-3-1599635216487.jpg\" title=\"Du lịch cầu hàng không giữa “các nước xanh lá cây” để tái mở cửa ASEAN - 1\" /></p>\r\n\r\n<p>Nhấn để ph&oacute;ng to ảnh</p>\r\n\r\n<p>Phi&ecirc;n họp của UB Kinh tế AIPA 41 diễn ra cuối buổi s&aacute;ng ng&agrave;y 9/9/2020.</p>\r\n\r\n<p><strong>Mở cửa lại bi&ecirc;n giới, di chuyển an to&agrave;n trong ASEAN</strong></p>\r\n\r\n<p>Tham gia thảo luận, đại diện của đo&agrave;n Việt Nam n&ecirc;u r&otilde;, đại dịch Covid-19 kh&ocirc;ng chỉ l&agrave; một cuộc khủng hoảng y tế đơn thuần, m&agrave; c&ograve;n l&agrave; một cuộc khủng hoảng đối với sự ph&aacute;t triển khi c&aacute;c chuỗi cung ứng v&agrave; thương mại quốc tế bị ph&aacute; vỡ.</p>\r\n\r\n<p>Theo đ&aacute;nh gi&aacute; của Ng&acirc;n h&agrave;ng Ph&aacute;t triển ch&acirc;u &Aacute; (ADB), dự b&aacute;o tăng trưởng tổng sản phẩm quốc nội (GDP) của khu vực Đ&ocirc;ng Nam &Aacute; sẽ giảm từ 4,4% năm 2019 xuống c&ograve;n -2,7% trong năm 2020, trước khi phục hồi l&ecirc;n mức 5,2% v&agrave;o năm 2021, đặc biệt do c&aacute;c mối quan hệ thương mại v&agrave; đầu tư mạnh mẽ của khu vực n&agrave;y với Trung Quốc.</p>\r\n\r\n<p>Quan ngại s&acirc;u sắc về những tổn thất to lớn do dịch bệnh Covid-19 g&acirc;y ra ở c&aacute;c quốc gia ASEAN, trong tư c&aacute;ch chủ nh&agrave;, đo&agrave;n Việt Nam mong muốn cộng đồng ASEAN thống nhất thực hiện một chuỗi giải ph&aacute;p mang t&iacute;nh đột ph&aacute;, khả thi.</p>\r\n\r\n<p>Một l&agrave;, thực hiện th&uacute;c đẩy nhanh việc trao đổi th&ocirc;ng tin li&ecirc;n quan đến du lịch v&agrave; sức khỏe v&agrave; c&aacute;c biện ph&aacute;p cần thiết kh&aacute;c để kiểm so&aacute;t sự l&acirc;y lan của đại dịch Covid-19; củng cố sự an t&acirc;m trong di chuyển, &aacute;p dụng c&aacute;c ti&ecirc;u chuẩn an to&agrave;n v&agrave; quy tr&igrave;nh y tế hỗ trợ di chuyển xuy&ecirc;n bi&ecirc;n giới của c&ocirc;ng d&acirc;n ASEAN kh&ocirc;ng bị gi&aacute;n đoạn, đồng thời tu&acirc;n thủ c&aacute;c ti&ecirc;u chuẩn an to&agrave;n v&agrave; y tế quốc tế cũng như c&aacute;c cam kết theo c&aacute;c Hiệp định c&oacute; li&ecirc;n quan giữa c&aacute;c nước th&agrave;nh vi&ecirc;n ASEAN.</p>\r\n\r\n<p><img alt=\"Du lịch cầu hàng không giữa “các nước xanh lá cây” để tái mở cửa ASEAN - 2\" src=\"https://icdn.dantri.com.vn/thumb_w/640/2020/09/09/ub-kinh-te-2-1599635215859.jpg\" title=\"Du lịch cầu hàng không giữa “các nước xanh lá cây” để tái mở cửa ASEAN - 2\" /></p>\r\n\r\n<p>Nhấn để ph&oacute;ng to ảnh</p>\r\n\r\n<p>Ph&oacute; Chủ tịch Quốc hội Việt Nam Ph&ugrave;ng Quốc Hiển tham gia phi&ecirc;n thảo luận.</p>\r\n\r\n<p>Hai l&agrave;, nghi&ecirc;n cứu kh&aacute;i niệm &ldquo;du lịch cầu h&agrave;ng kh&ocirc;ng&rdquo; giữa &ldquo;c&aacute;c nước xanh l&aacute; c&acirc;y&rdquo; như một s&aacute;ng kiến sơ bộ trong qu&aacute; tr&igrave;nh mở cửa lại bi&ecirc;n giới, h&igrave;nh th&agrave;nh c&aacute;c khu vực di chuyển an to&agrave;n trong ASEAN v&agrave; đề xuất hướng dẫn tham chiếu cho tất cả c&aacute;c nước th&agrave;nh vi&ecirc;n ASEAN m&agrave; kh&ocirc;ng l&agrave;m tổn hại đến những cam kết theo c&aacute;c thỏa thuận c&oacute; li&ecirc;n quan giữa c&aacute;c nước th&agrave;nh vi&ecirc;n ASEAN.</p>\r\n\r\n<p>Ba l&agrave;, tiếp tục r&agrave; so&aacute;t v&agrave; ho&agrave;n thiện khu&ocirc;n khổ ph&aacute;p l&yacute; nhằm th&uacute;c đẩy thuận lợi h&oacute;a thương mại, bảo đảm lưu th&ocirc;ng h&agrave;ng h&oacute;a v&agrave; c&aacute;c chuỗi cung ứng trong khu vực kh&ocirc;ng bị gi&aacute;n đoạn; x&acirc;y dựng ch&iacute;nh s&aacute;ch đầu tư th&ocirc;ng tho&aacute;ng, bền vững, c&oacute; tr&aacute;ch nhiệm trong khu vực; bảo đảm an ninh lương thực v&agrave; chuỗi gi&aacute; trị n&ocirc;ng nghiệp; tăng cường sử dụng năng lượng t&aacute;i tạo; tiến tới x&acirc;y dựng kinh tế tuần ho&agrave;n.</p>\r\n\r\n<p>Bốn l&agrave;, th&uacute;c đẩy nhanh việc ph&ecirc; chuẩn c&aacute;c hiệp định, thỏa thuận thương mại trong khu vực; ưu ti&ecirc;n tăng cường c&aacute;c nỗ lực để ho&agrave;n tất đ&agrave;m ph&aacute;n v&agrave; k&yacute; kết Hiệp định Đối t&aacute;c Kinh tế To&agrave;n diện Khu vực (RCEP) trong năm 2020; tăng cường năng lực, sự tham gia v&agrave; đẩy mạnh gi&aacute;m s&aacute;t nghị viện đối với việc thực hiện c&aacute;c cam kết về đầu tư v&agrave; thương mại trong khu&ocirc;n khổ khu vực v&agrave; quốc tế, coi đ&acirc;y l&agrave; c&ocirc;ng cụ chủ yếu để th&uacute;c đẩy li&ecirc;n kết kinh tế s&acirc;u rộng hơn trong Cộng đồng ASEAN v&agrave; giữa ASEAN với c&aacute;c đối t&aacute;c kh&aacute;c.</p>\r\n\r\n<p><strong>Khai th&aacute;c t&agrave;i nguy&ecirc;n xuy&ecirc;n bi&ecirc;n giới để đảm bảo an ninh lương thực&nbsp;</strong></p>\r\n\r\n<p>Năm l&agrave;, tăng cường ph&aacute;t triển cơ sở hạ tầng số, kết nối số, an to&agrave;n dữ liệu số, kiến thức v&agrave; kỹ năng số gắn kết giữa c&aacute;c nước th&agrave;nh vi&ecirc;n ASEAN để ph&aacute;t triển kinh tế số; chia sẻ th&ocirc;ng tin v&agrave; kinh nghiệm để xử l&yacute; c&aacute;c th&aacute;ch thức m&agrave; c&aacute;c nền tảng thương mại điện tử đang phải đối mặt; tận dụng c&aacute;c cơ hội của C&aacute;ch mạng c&ocirc;ng nghiệp lần thứ tư nhằm khắc phục bất lợi từ việc đ&oacute;ng cửa nền kinh tế v&agrave; gi&atilde;n c&aacute;ch x&atilde; hội trong dịch bệnh Covid-19 v&agrave; duy tr&igrave; t&iacute;nh cạnh tranh trong kỷ nguy&ecirc;n kinh tế số.</p>\r\n\r\n<p>S&aacute;u l&agrave;, x&acirc;y dựng cơ sở hạ tầng kết nối khu vực, tăng cường kết nối giao th&ocirc;ng v&agrave; sự cần thiết của việc tăng cường hợp t&aacute;c tiểu v&ugrave;ng M&ecirc; C&ocirc;ng v&agrave; c&aacute;c tiểu v&ugrave;ng kh&aacute;c của ASEAN, đặc biệt l&agrave; về bảo vệ m&ocirc;i trường, ph&aacute;t triển n&ocirc;ng nghiệp th&ocirc;ng minh v&agrave; quản l&yacute; bền vững c&aacute;c nguồn t&agrave;i nguy&ecirc;n thi&ecirc;n nhi&ecirc;n xuy&ecirc;n bi&ecirc;n giới nhằm đảm bảo an ninh lương thực, nguồn nước v&agrave; năng lượng tại c&aacute;c tiểu v&ugrave;ng trong v&agrave; sau đại dịch Covid-19.</p>\r\n\r\n<p><img alt=\"Du lịch cầu hàng không giữa “các nước xanh lá cây” để tái mở cửa ASEAN - 3\" src=\"https://icdn.dantri.com.vn/thumb_w/640/2020/09/09/ub-kinh-te-5-1599635216200.jpg\" title=\"Du lịch cầu hàng không giữa “các nước xanh lá cây” để tái mở cửa ASEAN - 3\" /></p>\r\n\r\n<p>Nhấn để ph&oacute;ng to ảnh</p>\r\n\r\n<p>Phi&ecirc;n thảo luận diễn ra đồng thời tại điểm cầu của c&aacute;c nước trong cộng đồng ASEAN.</p>\r\n\r\n<p>Ph&aacute;t biểu tại phi&ecirc;n họp, đại diện đo&agrave;n Malaysia cho rằng, c&aacute;c nước trong ASEAN c&oacute; nhiều điểm chung n&ecirc;n ch&iacute;nh s&aacute;ch của bất cứ quốc gia n&agrave;o cũng c&oacute; thể được c&aacute;c quốc gia kh&aacute;c học tập, để c&oacute; thể tr&aacute;nh gặp sai lầm giống nhau.</p>\r\n\r\n<p>Theo nghị sỹ Malaysia, thời điểm n&agrave;y rất cần một c&aacute;ch tiếp cận chung theo hướng địa phương ho&aacute; c&aacute;c hoạt động kinh tế. Hầu hết hoạt động kinh tế đ&atilde; được t&iacute;ch hợp v&agrave;o chuối cũng ứng to&agrave;n cầu nhưng Covid- 19 đ&atilde; l&agrave;m gi&aacute;n đoạn chuỗi cung ứng n&agrave;y.</p>\r\n\r\n<p>B&agrave;i học l&agrave; cần phải giảm thiểu sự to&agrave;n cầu ho&aacute;. Nhiều doanh nghiệp đang địa phương ho&aacute; chuỗi sản xuất của m&igrave;n, ASEAN c&oacute; thể địa phương ho&aacute;, mở rộng sang khu vực ho&aacute;, xử l&yacute; chuỗi cung ứng khu vực để miễn dịch khủng hoảng trong tương lai, đại diện đo&agrave;n nghị sĩ Malaysia n&ecirc;u quan điểm.</p>\r\n\r\n<p>Chia sẻ kinh nghiệm ứng ph&oacute; với đại dịch Covid-19, đại diện Singapore cho biết nước n&agrave;y mở ra 4 loại ng&acirc;n s&aacute;ch, gồm quỹ ki&ecirc;n cường, quỹ chống chịu, quỹ đo&agrave;n kết v&agrave; quỹ thống&nbsp; nhất, bốn quỹ n&agrave;y được Ch&iacute;nh phủ hỗ trợ. B&ecirc;n cạnh đ&oacute; Singapore c&ograve;n c&oacute; ch&iacute;nh s&aacute;ch hỗ trợ để doanh nghiệp giữ việc l&agrave;m cho người lao động, ch&iacute;nh s&aacute;ch nay được gia hạn đến th&aacute;ng 3/2011.</p>\r\n\r\n<p><strong>Th&aacute;i Anh</strong></p>\r\n', 'Xanh lá', 'S M L XL', 'Tuytsi', '', 0, 'q1.jpg', '', 132000, 20, 2),
(13, 'Chân váy đắp vạt TosonFashion Đen kẻ chìm nơ cách điệu 34090B630', '- Thiết kế đắp vạt, đính nơ cách điệu cá tính\r\n\r\n\r\n- Thể hiện nét đẹp dịu dàng nữ tính của phái đẹp\r\n\r\n\r\n- Form may đúng chuẩn, tôn lên đường nét vốn có của người mặc\r\n\r\n\r\n- Phù hợp nhiều hoàn cảnh khác nhau, dễ kết hợp cùng áo sơ mi, áo kiểu...\r\n\r\n\r\n- Màu sắc cơ bản, dễ kết hợp trang phục, thoải mái mix &match nhiều phong cách', 'được may từ chất liệu Trượt Hàn đem đến hình ảnh nhẹ nhàng và nữ tính cho phái đẹp. Bạn sẽ trở nên gợi cảm và quyến rũ hơn với những thiết kế chân váy của TosonFashion, phái đẹp sẽ thêm phần khác biệt nhờ kiểu dáng ôm kết hợp gam màu cơ bản mang đến sự trẻ trung, tươi tắn đồng thời khoe khéo những đường cong quyến rũ của bạn. Sẽ là sự lựa chọn hoàn hảo khi kết hợp cùng các loại áo công sở như áo sơ mi, áo kiểu, áo thun...  Chân váy được xem là bảo bối thời trang không thể thiếu của mọi cô gái. Chỉ cần biết cách phối hợp cùng áo và phụ kiện đi kèm là các nàng sẽ trở nên cực kỳ sành điệu và xinh đẹp theo cách mình muốn.', 'Đen', 'S, M, L', '', '- Giặt riêng sản phẩm màu sáng và màu tối \r\n- Giặt sản phẩm với nước ở nhiệt độ thường \r\n- Không nên sử dụng chất tẩy, không xoắn vắt mạnh \r\n- Ủi mặt trái sản phẩm và ủi với nhiệt độ không quá 110 độ C \r\n- Nên phơi mặt trái sản phẩm và không phơi dưới ánh nắng trực tiếp', 0, 'v9.jpg', 'v9-1.jpg, v9-2.jpg, v9-3.jpg', 185000, 20, 4),
(14, 'Chân juyp midi dập ly Miu Store', '- Thiết kế mang phong cách thanh lịch, nữ tính\r\n\r\n- Màu sắc đơn giản phối chi tiết dập li tạo điểm nhấn dịu dàng\r\n\r\n- Dễ dàng mix cùng nhiều phụ kiện khác cho vẻ ngoài thêm ấn tượng\r\n\r\n- Chất liệu vải mang đến cảm giác nhẹ nhàng, thoáng mát cho người mặc\r\n\r\n- Phù hợp với nhiều dáng người, độ tuổi giúp phái đẹp luôn nổi bật và tự tin', ' với thiết kế thời trang mang phong cách thanh lịch, nữ tính giúp phái đẹp luôn tự tin và nổi bật. Sản phẩm sở hữu chất liệu tuyp mát mẻ, tạo cảm giác thoải mái và dễ chịu cho người mặc. Kiểu chân váy suông vừa dễ mặc phối chi tiết dập li tạo điểm nhấn, kết hợp màu sắc đơn giản mang đến nét nhẹ nhàng cho phái đẹp. Với chân váy midi Miu Store, bạn có thể dễ dàng mix áo, cùng nhiều phụ kiện khác chấm phá cho trang phục trở nên ấn tượng, thu hút. Việc lựa chọn trang phục kết hợp những món phụ kiện khác, biến tấu thành nhiều phong cách sẽ mang đến cho bạn cá tính riêng và hoàn thiện tổng thể diện mạo.\r\n\r\n ', 'Xám', 'S, M, L', 'Tuyp', '', 0, 'v8.jpg', 'v8-1.jpg, v8-2.jpg, v8-3.jpg', 213000, 20, 4),
(15, 'Chân váy họa tiết Lamer nhún 3 tầng L62L18T002-F3224', '- Thiết kế dáng suông A, họa tiết hoa nổi bật trẻ trung\r\n\r\n\r\n- Kiểu dáng đơn giản nhưng vẫn toát lên nét đẹp dịu dàng nữ tính\r\n\r\n\r\n- Màu sắc cơ bản, giúp nàng thoải mái mix & match nhiều phong cách\r\n\r\n\r\n- Phù hợp nhiều hoàn cảnh, dễ dàng kết hợp trang phục cho set đồ hoàn hảo\r\n\r\n- Có thể kết hợp chân váy với áo sơ mi, áo thun, áo kiểu... theo style yêu thích', 'là sản phẩm của Lamer Fashion - Gồm hai thương hiệu Lamer với những sản phẩm thanh lịch, trang nhã, phù hợp với môi trường văn phòng và Vienne Tran mang phong cách tối giản dành cho bạn nữ hiện đại. Chân váy nhún 3 tầng L62L18T002-F3224 được may từ chất liệu Voan mềm mại, tạo cảm giác bay bổng, thoáng mát, chất liệu tuyệt vời cho ngày hè tạo nên phong cách thời trang cũng như mang đến nguồn cảm hứng cho chị em phái đẹp. Thiết kế chân váy 2 lớp dáng suông A dài qua gối. Cạp chun thoải mái, dập ly nhỏ cách điệu lạ mắt. Chất liệu ren lạ mắt. Dễ kết hợp với áo phông hay áo sơ mi áo kiểu hay áo vest thắt đai đen đến sự thanh lịch thời thượng mang đến nhiều phong cách khác nhau cho bạn thoải mái mix and match.', 'Tím than họa tiết đỏ', 'M, L, XL', 'Voan', '', 0, 'v7.jpg', 'v7-1.jpg, v7-2.jpg, v7-3.jpg', 110000, 20, 0),
(16, 'Đầm dự tiệc thời trang Eden dáng xòe bẹt vai màu xanh - D425', '', ' Đây sẽ là sự lựa chọn hoàn hảo cho những bữa tiệc tối sang trọng. Với bộ váy đầm này, bạn sẽ vô cùng quyến rũ và nổi bật. Chất liệu vừa đủ dày dặn để chiếc đầm có phom dáng hoàn hảo nhất nhưng vẫn giữ được sự thướt tha uyển chuyển trong từng bước đi của bạn.', ' Xốp loang', 'S, M, L, XL, XXL', '', '', 0, 'd6.jpg', 'd6-1.jpg, d6-2.jpg, d6-3.jpg, d6-4.jpg', 465000, 20, 3),
(17, '\r\nĐầm july mango', '', 'Đầm july được thiết kế với chất liệu cao cấp, mềm mại, thấm hút mồ hôi tốt mang lại cho bạn gái sự nhẹ nhàng thoáng mát và thoải mái hơn mỗi khi xuống phố đi dạo hay đi làm.', 'Đen', 'S, M, L', 'voan hoa', '', 0, 'd4.jpg', '', 193000, 20, 3),
(18, 'Đầm chữ A TosonFashion Xanh Navy cổ tim tay nhún eo 43182X630', '- Thiết kế dáng A, cổ tim tay nhún eo\r\n\r\n\r\n- Thể hiện nét đẹp dịu dàng nữ tính của người phụ nữ\r\n\r\n\r\n- Kiểu dáng nữ tính, thể hiện phong cách thanh lịch, tự tin\r\n\r\n\r\n- Phụ nữ đẹp dịu dàng và nữ tính hơn khi mặc trang phục váy-đầm\r\n\r\n\r\n- Phù hợp nhiều hoàn cảnh, dễ kết hợp nhiều phụ kiện và trang sức cơ bản', 'được may từ chất liệu Trượt Hàn đem đến hình ảnh nhẹ nhàng và nữ tính cho phái đẹp. Sở hữu thiết kế đơn giản nhưng vẫn toát lên nét đẹp đặc trưng của người phụ nữ. Đầm nữ thời trang TosonFashion sử dụng chất liệu được lựa chọn kỹ lưỡng nhằm mang đến sự thoải mái, dễ chịu nhất cho người mặc đi cùng những trải nghiệm tuyệt vời đến với mỗi khách hàng khi lựa chọn sản phẩm của TosonFashion. Bên cạnh đó, gam màu đầm chữ A cũng được TosonFashion lựa chọn phù hợp với nhiều hoàn cảnh cũng như dễ dàng phối cùng nhiều phụ kiện khác nhau nhưng vẫn giữ được nét sang trọng và đậm chất nữ tính.', 'Xanh navy', 'M, L', '', '- Giặt riêng sản phẩm màu sáng và màu tối \r\n- Giặt sản phẩm với nước ở nhiệt độ thường \r\n- Không nên sử dụng chất tẩy, không xoắn vắt mạnh \r\n- Ủi mặt trái sản phẩm và ủi với nhiệt độ không quá 110 độ C \r\n- Nên phơi mặt trái sản phẩm và không phơi dưới ánh nắng trực tiếp', 0, 'd3.jpg', 'd3-1.jpg, d3-2.jpg, d3-3.jpg', 399000, 20, 3),
(19, 'Giày bánh mì nữ độn đế cao 11 cm F3979 màu trắng BM083', '', 'à lựa chọn lí tưởng cho những cô nàng yêu thích phong cách cá tính. Bạn có thể kết hợp giày bánh mì với quần jean acid wash và một chiếc áo da sáng màu. Thậm chí, với những mẫu giày đế bánh mỳ trông \"hầm hố\" hơn, bạn hoàn toàn có thể tạo cho mình set đồ \"cực\" năng động và cá tính, phù hợp cho những buổi dã ngoại kì nghỉ hè. Thậm chí, với những mẫu giày đế bánh mỳ trông \"hầm hố\" hơn, bạn hoàn toàn có thể tạo cho mình set đồ \"cực\" năng động và cá tính, phù hợp cho những buổi dã ngoại kì nghỉ hè. Tuy nhiên, khi chọn quần mix cùng, bạn chỉ nên chọn những chiếc quần dáng ôm sát như legging hay skinny jeans để tạo hiệu ứng \"chân thon\" cho mình nhé!', '', '', 'Da', '', 0, 'g2.jpg', 'g2-1.jpg, g2-2.jpg', 110000, 20, 5),
(20, 'Đồng hồ nữ Julius Hàn Quốc JA-1244A dây da Tím\r\n', '- Thiết kế tinh tế, hiện đại và trẻ trung\r\n\r\n- Mặt tròn cơ bản phù hợp với nhiều đối tượng\r\n\r\n- Có khả năng chống nước nhẹ: đi mưa, rửa tay, rửa mặt\r\n\r\n- Phụ kiện thời trang thể hiện đẳng cắp của bạn một cách tinh tế\r\n\r\n- Giúp bạn quản lý thời gian hiệu quả cũng như khẳng định cá tính riêng', 'không chỉ mang ý nghĩa và chức năng về thời gian mà còn là một phụ kiện thời trang khẳng định phong cách của bạn. Chiếc đồng hồ trên tay khiến bạn trở nên đúng giờ với những nơi bạn đến, những người bạn gặp, khiến bạn luôn biết trân trọng từng giây, từng phút. Một chiếc đồng hồ đẹp không khiến bạn phải bỏ ra quá nhiều tiền để chi trả như một chiếc xe hơi. Bởi vậy hãy sắm cho mình một chiếc đồng hồ Julius với kiểu dáng yêu thích bởi nó xứng đáng với những gì bạn bỏ ra.', '', '', 'Dây da ', 'Lau chùi vệ sinh sản phẩm thường xuyên bằng giấy mền khỏi mồ hôi cơ thể và hạn chế tiếp xúc hóa chất bảo vệ màu sắc sản phẩm và pin sản phẩm lâu dài.', 0, 'p1.jpg', 'p1-1.jpg, p1-2.jpg, p1-3.jpg, p1-4.jpg', 539000, 20, 6),
(21, 'Giày Sandal nữ AoKang màu trắng 192811165', '- Chất liệu: 100% PU\r\n- Gót cao: 5 cm\r\n- Mặt lót in tên thương hiệu.\r\n- Form giày/dép may đúng tiêu chuẩn, đem lại sự thoải mái khi mang.\r\n- Đường may tỉ mỉ và tinh xảo giúp sản phẩm luôn bền đẹp theo thời gian.\r\n- Màu sắc trang nhã, dễ phối cùng nhiều kiểu trang phục khác nhau.\r\n- Là thương hiệu uy tín trên thị trường về chất lượng.', 'sản phẩm chưa bao giờ đánh mất vị trí quan trọng trong tủ đồ phụ kiện của các tín đồ thời trang bởi thiết kế đa dạng, năng động. Luôn mang lại một sức hút kỳ lạ cho phái đẹp. Sản phẩm có đường chỉ may tỉ mỉ, cẩn thận, thiết kế tinh tế, thời trang cùng chất liệu cao cấp, mang đến xu hướng thời trang năng động. Tôn lên nét cá tính, một sức hút không thể cưỡng lại, mang lại cho bạn trẻ cảm giác tự tin, thoát ly bay bổng cả ngày. Sản phẩm thích hợp phối hợp với nhiều loại trang phục và phụ kiện mang lại cho bạn một phong cách thời trang thật trẻ trung và sành điệu.', 'Trắng', '', '100% Da PU', '', 0, 'g1.jpg', 'g1-1.jpg, g1-2.jpg', 199000, 10, 5),
(22, 'Giày boot nữ TETE đế vuông cá tính đế cao 4cm HNB118', '', ' vừa hiện đại trong vẻ đẹp nữ tính, uyển chuyển bước đi thật duyên dáng dành cho các nàng và cả quý cô sành điệu, đem đến phong cách phóng khoáng và nữ tính có thể kết hợp cùng quần jeans, hoặc váy ngắn, quần shorts đầy cá tính hay lịch sự, chỉn chu trong trang phục. Đây là một item phụ kiện đặc biệt, để bạn tạo được điểm nhấn cho trang phục vào các mùa trong năm của chính mình hoặc làm quà tặng rất ý nghĩa cho người thân, bạn bè nữa nhé.\r\n\r\n', 'Đen', '', 'Da/ cao su tổng hợp', '', 0, 'g3.jpg', 'g3-1.jpg, g3-2.jpg', 320000, 0, 5),
(23, 'Đồng hồ nữ chính hãng Shengke Korea K0093L-03', '<p>- Thiết kế tinh tế, hiện đại v&agrave; trẻ trung</p>\r\n\r\n<p>- Kiểu d&aacute;ng mặt cơ bản ph&ugrave; hợp với nhiều đối tượng</p>\r\n\r\n<p>- C&oacute; khả năng chống nước nhẹ: đi mưa, rửa tay, rửa mặt</p>\r\n\r\n<p>- Phụ kiện thời trang thể hiện đẳng cắp của bạn một c&aacute;ch tinh tế</p>\r\n\r\n<p>- Gi&uacute;p bạn quản l&yacute; thời gian hiệu quả cũng như khẳng định c&aacute; t&iacute;nh ri&ecirc;ng</p>\r\n', '<p>được sản xuất từ chất liệu v&agrave; linh kiện cao cấp, thiết kế mặt tinh tế l&agrave; phụ kiện ho&agrave;n hảo cho bạn mỗi khi xuống phố. Sản phẩm kh&ocirc;ng chỉ mang &yacute; nghĩa v&agrave; chức năng về thời gian m&agrave; n&oacute; sẽ trở th&agrave;nh một phụ kiện thời trang thể hiện sự tinh tế của bạn. Chiếc&nbsp;<em>đồng hồ</em>&nbsp;tr&ecirc;n tay khiến bạn trở n&ecirc;n đ&uacute;ng giờ với những nơi bạn đến, những người bạn gặp, khiến bạn lu&ocirc;n biết tr&acirc;n trọng từng gi&acirc;y, từng ph&uacute;t. Một chiếc đồng hồ đẹp kh&ocirc;ng khiến bạn phải bỏ ra qu&aacute; nhiều tiền để chi trả như một chiếc xe hơi. Bởi vậy h&atilde;y sắm cho m&igrave;nh một chiếc đồng hồ tốt bởi n&oacute; xứng đ&aacute;ng với những g&igrave; bạn bỏ ra. V&agrave;&nbsp;<a href=\"https://www.yes24.vn/thuong-hieu/shengke\"><em>đồng hồ Shengke</em></a>&nbsp;l&agrave; một sự lựa s&aacute;ng gi&aacute; d&agrave;nh cho bạn!</p>\r\n', '', '', '', '', 1, '1611757876p2.jpg', '', 699000, 10, 6);

-- --------------------------------------------------------

--
-- Cấu trúc bảng cho bảng `rating`
--

CREATE TABLE `rating` (
  `id` int(11) NOT NULL,
  `product_id` int(11) NOT NULL,
  `star` int(11) NOT NULL
) ENGINE=InnoDB DEFAULT CHARSET=utf8;

--
-- Đang đổ dữ liệu cho bảng `rating`
--

INSERT INTO `rating` (`id`, `product_id`, `star`) VALUES
(15, 11, 5),
(16, 11, 5),
(17, 11, 5),
(18, 11, 4),
(19, 11, 5),
(20, 11, 3);

-- --------------------------------------------------------

--
-- Cấu trúc bảng cho bảng `slides`
--

CREATE TABLE `slides` (
  `id` int(11) NOT NULL,
  `hot` int(11) NOT NULL,
  `photo` varchar(500) NOT NULL
) ENGINE=InnoDB DEFAULT CHARSET=utf8mb4;

--
-- Đang đổ dữ liệu cho bảng `slides`
--

INSERT INTO `slides` (`id`, `hot`, `photo`) VALUES
(1, 1, 'sl1.jpg'),
(2, 1, 'sl2.jpg');

-- --------------------------------------------------------

--
-- Cấu trúc bảng cho bảng `users`
--

CREATE TABLE `users` (
  `id` int(11) NOT NULL,
  `name` varchar(500) NOT NULL,
  `email` varchar(500) NOT NULL,
  `password` varchar(500) NOT NULL
) ENGINE=InnoDB DEFAULT CHARSET=utf8;

--
-- Đang đổ dữ liệu cho bảng `users`
--

INSERT INTO `users` (`id`, `name`, `email`, `password`) VALUES
(1, 'Nguyễn Văn A', 'nva@gmail.com', '202cb962ac59075b964b07152d234b70'),
(2, 'Nguyễn Văn B', 'nvb@gmail.com', '202cb962ac59075b964b07152d234b70'),
(3, 'Nguyễn Văn C', 'nvc@gmail.com', '202cb962ac59075b964b07152d234b70'),
(4, 'Nguyễn Văn D', 'nvd@gmail.com', '202cb962ac59075b964b07152d234b70'),
(5, 'Nguyễn Văn E', 'nve@gmail.com', '202cb962ac59075b964b07152d234b70'),
(7, 'test', 'test@gmail.com', '202cb962ac59075b964b07152d234b70');

--
-- Chỉ mục cho các bảng đã đổ
--

--
-- Chỉ mục cho bảng `categories`
--
ALTER TABLE `categories`
  ADD PRIMARY KEY (`id`);

--
-- Chỉ mục cho bảng `news`
--
ALTER TABLE `news`
  ADD PRIMARY KEY (`id`);

--
-- Chỉ mục cho bảng `orderdetails`
--
ALTER TABLE `orderdetails`
  ADD PRIMARY KEY (`id`);

--
-- Chỉ mục cho bảng `orders`
--
ALTER TABLE `orders`
  ADD PRIMARY KEY (`id`);

--
-- Chỉ mục cho bảng `products`
--
ALTER TABLE `products`
  ADD PRIMARY KEY (`id`);

--
-- Chỉ mục cho bảng `rating`
--
ALTER TABLE `rating`
  ADD PRIMARY KEY (`id`);

--
-- Chỉ mục cho bảng `slides`
--
ALTER TABLE `slides`
  ADD PRIMARY KEY (`id`);

--
-- Chỉ mục cho bảng `users`
--
ALTER TABLE `users`
  ADD PRIMARY KEY (`id`);

--
-- AUTO_INCREMENT cho các bảng đã đổ
--

--
-- AUTO_INCREMENT cho bảng `categories`
--
ALTER TABLE `categories`
  MODIFY `id` int(11) NOT NULL AUTO_INCREMENT, AUTO_INCREMENT=11;

--
-- AUTO_INCREMENT cho bảng `news`
--
ALTER TABLE `news`
  MODIFY `id` int(11) NOT NULL AUTO_INCREMENT, AUTO_INCREMENT=11;

--
-- AUTO_INCREMENT cho bảng `orderdetails`
--
ALTER TABLE `orderdetails`
  MODIFY `id` int(11) NOT NULL AUTO_INCREMENT, AUTO_INCREMENT=24;

--
-- AUTO_INCREMENT cho bảng `orders`
--
ALTER TABLE `orders`
  MODIFY `id` int(11) NOT NULL AUTO_INCREMENT, AUTO_INCREMENT=11;

--
-- AUTO_INCREMENT cho bảng `products`
--
ALTER TABLE `products`
  MODIFY `id` int(11) NOT NULL AUTO_INCREMENT, AUTO_INCREMENT=24;

--
-- AUTO_INCREMENT cho bảng `rating`
--
ALTER TABLE `rating`
  MODIFY `id` int(11) NOT NULL AUTO_INCREMENT, AUTO_INCREMENT=21;

--
-- AUTO_INCREMENT cho bảng `slides`
--
ALTER TABLE `slides`
  MODIFY `id` int(11) NOT NULL AUTO_INCREMENT, AUTO_INCREMENT=3;

--
-- AUTO_INCREMENT cho bảng `users`
--
ALTER TABLE `users`
  MODIFY `id` int(11) NOT NULL AUTO_INCREMENT, AUTO_INCREMENT=8;
COMMIT;

/*!40101 SET CHARACTER_SET_CLIENT=@OLD_CHARACTER_SET_CLIENT */;
/*!40101 SET CHARACTER_SET_RESULTS=@OLD_CHARACTER_SET_RESULTS */;
/*!40101 SET COLLATION_CONNECTION=@OLD_COLLATION_CONNECTION */;
